pair_id,similarity,distance_from_production_threshold,left_recipe_id,left_title,left_source,left_url,right_recipe_id,right_title,right_source,right_url,adjudicated_duplicate,adjudicator,adjudication_note
candidate-9803cfa6-dc94a216,0.7999843089323466,1.5691067653422763e-05,9803cfa62800293fed356785,Air Fryer Chicken Legs,kristineskitchenblog.com,https://kristineskitchenblog.com/air-fryer-chicken-legs/,dc94a216ec4aec22df66ffff,Crispy Air Fryer Chicken Legs,everydayfamilycooking.com,https://www.everydayfamilycooking.com/air-fryer-chicken-legs/,,,
candidate-37877d76-5f212d77,0.8022764653110047,0.0022764653110046718,37877d7685c150154eb5207b,Air Fryer Baked Potato,airfryingfoodie.com,https://airfryingfoodie.com/air-fryer-baked-potato/,5f212d77c498fc176d2d1b02,Crispy Air Fryer Baked Potato,everydayfamilycooking.com,https://www.everydayfamilycooking.com/air-fryer-baked-potato/,,,
candidate-90b5b33c-4eb2e945,0.7970234056987788,0.0029765943012212137,90b5b33c48ca53c4fef95165,Air Fryer Cauliflower,downshiftology.com,https://downshiftology.com/recipes/air-fryer-cauliflower/,4eb2e945bb92881df089b012,"Air Fryer Cauliflower (Crispy, Easy Recipe)",wholesomeyum.com,https://www.wholesomeyum.com/air-fryer-cauliflower/,,,
candidate-4eec46bf-8fec6159,0.8036029059419496,0.0036029059419495635,4eec46bf950bcb57b4654fd6,Air Fryer Chicken Thighs,eatingbirdfood.com,https://www.eatingbirdfood.com/air-fryer-chicken-thighs/,8fec61591e93cc64a5bba814,Air Fryer Chicken Thighs,spendwithpennies.com,https://www.spendwithpennies.com/air-fryer-chicken-thighs/,,,
candidate-2a2345b0-c7e9f887,0.8037708113107822,0.003770811310782163,2a2345b0528966410d5b05d2,Air Fryer French Fries,budgetbytes.com,https://www.budgetbytes.com/air-fryer-french-fries/,c7e9f88799378dccf0d326c4,Crispy Air Fryer French Fries,spendwithpennies.com,https://www.spendwithpennies.com/crispy-air-fryer-french-fries/,,,
candidate-03813b80-3b370093,0.8064021915584416,0.006402191558441572,03813b80094e7e4769fd6222,Air Fryer S'mores,airfryingfoodie.com,https://airfryingfoodie.com/air-fryer-smores/,3b37009334bda4afcfe0d3e3,Air Fryer S'mores,forktospoon.com,https://forktospoon.com/air-fryer-grilled-smores/,,,
candidate-acc3191a-cabc7434,0.7933053322208738,0.0066946677791261955,acc3191a91311e2586e87cea,Air Fryer Chicken Breast,airfryingfoodie.com,https://airfryingfoodie.com/air-fryer-chicken-breast/,cabc74343c20da9ad4e40fad,Air Fryer Chicken Breasts,spendwithpennies.com,https://www.spendwithpennies.com/air-fryer-chicken-breasts/,,,
candidate-0ea83de4-0fea635f,0.8075589422259982,0.0075589422259981776,0ea83de45e5838d9144e8878,Air Fryer Chicken Thighs,budgetbytes.com,https://www.budgetbytes.com/air-fryer-chicken-thighs/,0fea635f7845d210e62d369c,Air Fryer Chicken Thighs,diethood.com,https://diethood.com/crispy-air-fryer-chicken-thighs/,,,
candidate-18ad206e-2f1fd8cd,0.8088325813279857,0.0088325813279857,18ad206e90bf2be4b122d179,Air Fryer Stuffed Peppers,therecipecritic.com,https://therecipecritic.com/air-fryer-stuffed-peppers/,2f1fd8cdace705c6273e04b3,Air Fryer Stuffed Peppers,airfryingfoodie.com,https://airfryingfoodie.com/air-fryer-stuffed-peppers/,,,
candidate-c7c4bdc8-4eb2e945,0.7896490558570782,0.010350944142921814,c7c4bdc8afaacef6ac35ca54,Air Fryer Cauliflower Recipe,feelgoodfoodie.net,https://feelgoodfoodie.net/recipe/air-fryer-cauliflower/,4eb2e945bb92881df089b012,"Air Fryer Cauliflower (Crispy, Easy Recipe)",wholesomeyum.com,https://www.wholesomeyum.com/air-fryer-cauliflower/,,,
candidate-b2662312-e2391acf,0.8106128733376935,0.010612873337693451,b26623122c1ea1b6a8afbe8b,Air Fryer Sweet Potato Fries,natashaskitchen.com,https://natashaskitchen.com/air-fryer-sweet-potato-fries/,e2391acfe430a17234506c1b,Air Fryer Sweet Potato Fries,skinnytaste.com,https://www.skinnytaste.com/crispy-air-fryer-sweet-potato-fries/,,,
candidate-4cae70b3-59d6093b,0.7890611073975043,0.010938892602495698,4cae70b321e3442013a83d0d,Air Fryer Pork Chops,natashaskitchen.com,https://natashaskitchen.com/air-fryer-pork-chops-recipe/,59d6093b6c2225d239442cba,Air Fryer Pork Chops Recipe,therealfooddietitians.com,https://therealfooddietitians.com/air-fryer-pork-chops/,,,
candidate-27da723f-7dcf071c,0.8112359301860064,0.011235930186006327,27da723fb99f921f52494b4f,Air Fryer Green Beans,spendwithpennies.com,https://www.spendwithpennies.com/air-fryer-green-beans/,7dcf071c65fccf19be3c903c,Air Fryer Green Beans,airfryingfoodie.com,https://airfryingfoodie.com/air-fryer-green-beans/,,,
candidate-1fcadbdf-e99fe09c,0.8112938381661442,0.011293838166144154,1fcadbdfef8be4eee05088ca,Air Fryer Baked Potatoes,spendwithpennies.com,https://www.spendwithpennies.com/air-fryer-baked-potatoes/,e99fe09c4c73e630939000cd,Air Fryer Baked Potatoes,therecipecritic.com,https://therecipecritic.com/air-fryer-baked-potatoes/,,,
candidate-b2a1f6dd-66396d8a,0.788188244047619,0.011811755952381042,b2a1f6dd51feeb36520b9460,Air Fryer Baked Potato,eatingbirdfood.com,https://www.eatingbirdfood.com/air-fryer-baked-potato/,66396d8a77c9d63a37355a89,Air Fryer Baked Sweet Potato,eatingbirdfood.com,https://www.eatingbirdfood.com/air-fryer-sweet-potato/,,,
candidate-acc3191a-ffaa7fd3,0.8120162976875532,0.01201629768755319,acc3191a91311e2586e87cea,Air Fryer Chicken Breast,airfryingfoodie.com,https://airfryingfoodie.com/air-fryer-chicken-breast/,ffaa7fd30eac68570f06220f,BEST Air Fryer Chicken Breast,kristineskitchenblog.com,https://kristineskitchenblog.com/air-fryer-chicken-breast/,,,
candidate-b2662312-94bd07a1,0.812376797309833,0.012376797309832988,b26623122c1ea1b6a8afbe8b,Air Fryer Sweet Potato Fries,natashaskitchen.com,https://natashaskitchen.com/air-fryer-sweet-potato-fries/,94bd07a1d263665d717f4ab7,Air Fryer Sweet Potato Fries Recipe,feelgoodfoodie.net,https://feelgoodfoodie.net/recipe/air-fryer-sweet-potato-fries/,,,
candidate-30638a4c-316d7774,0.8136177347242921,0.013617734724292063,30638a4c855ec61fd6fb1353,Air Fryer Chickpea Recipe,feelgoodfoodie.net,https://feelgoodfoodie.net/recipe/air-fryer-chickpeas/,316d77749e48e76c85dcf3d8,Easy Air Fryer Chickpeas (Crispy!),theyummybowl.com,https://theyummybowl.com/air-fryer-chickpeas/,,,
candidate-ffaa7fd3-cabc7434,0.8137033936838625,0.01370339368386242,ffaa7fd30eac68570f06220f,BEST Air Fryer Chicken Breast,kristineskitchenblog.com,https://kristineskitchenblog.com/air-fryer-chicken-breast/,cabc74343c20da9ad4e40fad,Air Fryer Chicken Breasts,spendwithpennies.com,https://www.spendwithpennies.com/air-fryer-chicken-breasts/,,,
candidate-86742a03-de01c581,0.8140866779497099,0.014086677949709858,86742a0388b02eb503c002bf,Air Fryer Zucchini,airfryingfoodie.com,https://airfryingfoodie.com/air-fryer-zucchini/,de01c5817f0acacb18568dba,​Air Fryer Zucchini,eatingbirdfood.com,https://www.eatingbirdfood.com/air-fryer-zucchini/,,,
candidate-0ea83de4-4eec46bf,0.7857883076043453,0.014211692395654785,0ea83de45e5838d9144e8878,Air Fryer Chicken Thighs,budgetbytes.com,https://www.budgetbytes.com/air-fryer-chicken-thighs/,4eec46bf950bcb57b4654fd6,Air Fryer Chicken Thighs,eatingbirdfood.com,https://www.eatingbirdfood.com/air-fryer-chicken-thighs/,,,
candidate-0623f637-1fcadbdf,0.7846235795454545,0.01537642045454557,0623f6370c5748fb9fd82c88,Air Fryer Baked Potatoes,budgetbytes.com,https://www.budgetbytes.com/air-fryer-baked-potatoes/,1fcadbdfef8be4eee05088ca,Air Fryer Baked Potatoes,spendwithpennies.com,https://www.spendwithpennies.com/air-fryer-baked-potatoes/,,,
candidate-1b070a54-f14af0e2,0.7842987469168429,0.015701253083157174,1b070a5470ba98613134bcec,Air Fryer Veggie Tots,airfryingfoodie.com,https://airfryingfoodie.com/air-fryer-veggie-tots/,f14af0e2b7092effcf6261fc,Veggie Tots In Air Fryer,forktospoon.com,https://forktospoon.com/air-fryer-how-to-cook-frozen-veggie-tots-cauliflower-in-the-air-fryer/,,,
candidate-01438814-8fec6159,0.7840009469696969,0.015999053030303134,0143881474275f183f49645f,Air Fryer Chicken Thighs,kristineskitchenblog.com,https://kristineskitchenblog.com/air-fryer-chicken-thighs/,8fec61591e93cc64a5bba814,Air Fryer Chicken Thighs,spendwithpennies.com,https://www.spendwithpennies.com/air-fryer-chicken-thighs/,,,
candidate-acc3191a-07680a1b,0.8161645754419192,0.016164575441919182,acc3191a91311e2586e87cea,Air Fryer Chicken Breast,airfryingfoodie.com,https://airfryingfoodie.com/air-fryer-chicken-breast/,07680a1ba3481805db83cabe,Air Fryer Chicken Breast,wellplated.com,https://www.wellplated.com/air-fryer-chicken-breast/,,,
candidate-cee38a3a-5f57efa0,0.8169473755411255,0.016947375541125465,cee38a3acf319dcb773c910d,Air Fryer Frozen French Fries,airfryingfoodie.com,https://airfryingfoodie.com/air-fryer-frozen-french-fries/,5f57efa082d71445509a31fa,Air Fryer Frozen French Fries Recipe,temeculablogs.com,https://temeculablogs.com/frozen-french-fries-air-fryer/,,,
candidate-01438814-1ac80f52,0.7827111000821468,0.017288899917853207,0143881474275f183f49645f,Air Fryer Chicken Thighs,kristineskitchenblog.com,https://kristineskitchenblog.com/air-fryer-chicken-thighs/,1ac80f52a7069fd7527e16c3,Air Fryer Chicken Thigh Recipe,feelgoodfoodie.net,https://feelgoodfoodie.net/recipe/air-fryer-chicken-thighs/,,,
candidate-18ad206e-56996cce,0.7819538130691148,0.018046186930885222,18ad206e90bf2be4b122d179,Air Fryer Stuffed Peppers,therecipecritic.com,https://therecipecritic.com/air-fryer-stuffed-peppers/,56996ccec01a3cab522fca00,Easy Air Fryer Stuffed Peppers,everydayfamilycooking.com,https://www.everydayfamilycooking.com/air-fryer-stuffed-peppers/,,,
candidate-30638a4c-5859f506,0.7816584967320261,0.018341503267973902,30638a4c855ec61fd6fb1353,Air Fryer Chickpea Recipe,feelgoodfoodie.net,https://feelgoodfoodie.net/recipe/air-fryer-chickpeas/,5859f50658c429693fb2c266,Crispy Air Fryer Chickpeas,iheartnaptime.net,https://www.iheartnaptime.net/air-fryer-chickpeas/,,,
candidate-16906f03-7506bc83,0.7813210227272727,0.01867897727272738,16906f033f03d3f6ced23ae9,Basic Air Fryer Hot Dogs,allrecipes.com,https://www.allrecipes.com/recipe/268494/basic-air-fryer-hot-dogs/,7506bc83690acf521e36d875,Air Fryer Hot Dogs,airfryingfoodie.com,https://airfryingfoodie.com/air-fryer-hot-dogs/,,,
candidate-cb7418f1-6f1981d2,0.7811513573232324,0.01884864267676767,cb7418f1c60aeac8d362e055,Air Fryer Candied Walnuts,airfryingfoodie.com,https://airfryingfoodie.com/air-fryer-candied-walnuts/,6f1981d277e2889b858a4e13,Candied Walnuts (Air Fryer Recipe),forktospoon.com,https://forktospoon.com/air-fryer-candied-walnuts/,,,
candidate-afa95353-b2a1f6dd,0.7811412264537264,0.018858773546273633,afa953530b267c6f444e727a,Air Fryer Baked Potato,loveandlemons.com,https://www.loveandlemons.com/air-fryer-baked-potato/,b2a1f6dd51feeb36520b9460,Air Fryer Baked Potato,eatingbirdfood.com,https://www.eatingbirdfood.com/air-fryer-baked-potato/,,,
candidate-035fca7a-6659c47e,0.7809451230753347,0.019054876924665343,035fca7a0b4665516ca328c9,Air Fryer Frozen Brussels Sprouts,airfryingfoodie.com,https://airfryingfoodie.com/air-fryer-frozen-brussels-sprouts/,6659c47e0161f1680c1e1adf,Frozen Brussel Sprouts in the Air Fryer,everydayfamilycooking.com,https://www.everydayfamilycooking.com/frozen-brussel-sprouts-in-the-air-fryer/,,,
candidate-2f1fd8cd-56996cce,0.7808399095117845,0.019160090488215542,2f1fd8cdace705c6273e04b3,Air Fryer Stuffed Peppers,airfryingfoodie.com,https://airfryingfoodie.com/air-fryer-stuffed-peppers/,56996ccec01a3cab522fca00,Easy Air Fryer Stuffed Peppers,everydayfamilycooking.com,https://www.everydayfamilycooking.com/air-fryer-stuffed-peppers/,,,
candidate-0fea635f-8fec6159,0.8199898549563028,0.01998985495630279,0fea635f7845d210e62d369c,Air Fryer Chicken Thighs,diethood.com,https://diethood.com/crispy-air-fryer-chicken-thighs/,8fec61591e93cc64a5bba814,Air Fryer Chicken Thighs,spendwithpennies.com,https://www.spendwithpennies.com/air-fryer-chicken-thighs/,,,
candidate-f18ae241-0d66f902,0.82015689844618,0.02015689844617996,f18ae2419fd93e1578076f5e,Air Fryer Apple Pie Taquitos,airfryingfoodie.com,https://airfryingfoodie.com/air-fryer-apple-pie-taquitos/,0d66f90263ee617e64f8a8b3,Air Fryer Apple Pie Taquitos,forktospoon.com,https://forktospoon.com/air-fryer-apple-pie-taquitos/,,,
candidate-18ad206e-55ce1f17,0.7795116341991342,0.020488365800865882,18ad206e90bf2be4b122d179,Air Fryer Stuffed Peppers,therecipecritic.com,https://therecipecritic.com/air-fryer-stuffed-peppers/,55ce1f172e6c28dc9655ebaa,Air Fryer Stuffed Pepper Recipe,feelgoodfoodie.net,https://feelgoodfoodie.net/recipe/air-fryer-stuffed-peppers/,,,
candidate-16906f03-a4b9ea71,0.7787760416666666,0.02122395833333346,16906f033f03d3f6ced23ae9,Basic Air Fryer Hot Dogs,allrecipes.com,https://www.allrecipes.com/recipe/268494/basic-air-fryer-hot-dogs/,a4b9ea715a076b14694df9f7,Air Fryer Hot Dogs,delish.com,https://www.delish.com/cooking/recipe-ideas/a36256031/air-fryer-hot-dogs-recipe/,,,
candidate-01438814-0fea635f,0.7782598685282109,0.021740131471789104,0143881474275f183f49645f,Air Fryer Chicken Thighs,kristineskitchenblog.com,https://kristineskitchenblog.com/air-fryer-chicken-thighs/,0fea635f7845d210e62d369c,Air Fryer Chicken Thighs,diethood.com,https://diethood.com/crispy-air-fryer-chicken-thighs/,,,
candidate-77611219-66396d8a,0.8219105113636364,0.02191051136363631,77611219bf43f22ace2c3653,Air Fryer Baked Sweet Potatoes,platedcravings.com,https://platedcravings.com/air-fryer-sweet-potatoes/,66396d8a77c9d63a37355a89,Air Fryer Baked Sweet Potato,eatingbirdfood.com,https://www.eatingbirdfood.com/air-fryer-sweet-potato/,,,
candidate-9803cfa6-0bcc0da2,0.8225861601811951,0.02258616018119508,9803cfa62800293fed356785,Air Fryer Chicken Legs,kristineskitchenblog.com,https://kristineskitchenblog.com/air-fryer-chicken-legs/,0bcc0da28eef18da9bcda334,Air Fryer Chicken Legs,thestayathomechef.com,https://thestayathomechef.com/air-fryer-chicken-legs/,,,
candidate-c8f1bb07-616b28a7,0.777315783175158,0.022684216824842007,c8f1bb07afbe3f234cb16f6d,Copycat Wingstop Hawaiian Sauce Chicken Wings Recipe,forktospoon.com,https://forktospoon.com/air-fryer-kid-tested-and-approved-healthy-air-fried-chicken-tenders/,616b28a7822f1f6a6bdc7691,Copycat Wingstop Mild Chicken Wing Recipe,forktospoon.com,https://forktospoon.com/how-to-reheat-wings-in-air-fryer/,,,
candidate-55ce1f17-56996cce,0.7771180866547246,0.02288191334527545,55ce1f172e6c28dc9655ebaa,Air Fryer Stuffed Pepper Recipe,feelgoodfoodie.net,https://feelgoodfoodie.net/recipe/air-fryer-stuffed-peppers/,56996ccec01a3cab522fca00,Easy Air Fryer Stuffed Peppers,everydayfamilycooking.com,https://www.everydayfamilycooking.com/air-fryer-stuffed-peppers/,,,
candidate-ffaa7fd3-07680a1b,0.7766252607317503,0.023374739268249733,ffaa7fd30eac68570f06220f,BEST Air Fryer Chicken Breast,kristineskitchenblog.com,https://kristineskitchenblog.com/air-fryer-chicken-breast/,07680a1ba3481805db83cabe,Air Fryer Chicken Breast,wellplated.com,https://www.wellplated.com/air-fryer-chicken-breast/,,,
candidate-5859f506-316d7774,0.7765412045092069,0.023458795490793105,5859f50658c429693fb2c266,Crispy Air Fryer Chickpeas,iheartnaptime.net,https://www.iheartnaptime.net/air-fryer-chickpeas/,316d77749e48e76c85dcf3d8,Easy Air Fryer Chickpeas (Crispy!),theyummybowl.com,https://theyummybowl.com/air-fryer-chickpeas/,,,
candidate-30638a4c-9f0b7fcc,0.7764441287878787,0.023555871212121327,30638a4c855ec61fd6fb1353,Air Fryer Chickpea Recipe,feelgoodfoodie.net,https://feelgoodfoodie.net/recipe/air-fryer-chickpeas/,9f0b7fccf9c588be82b1cfd2,Air Fryer Chickpeas,everydayfamilycooking.com,https://www.everydayfamilycooking.com/air-fryer-chickpeas/,,,
candidate-fd279b1f-8fec6159,0.7762869660460022,0.02371303395399782,fd279b1fcef25ef1a1e7a614,Air Fryer Chicken Thighs,rachelcooks.com,https://www.rachelcooks.com/air-fryer-chicken-thighs/,8fec61591e93cc64a5bba814,Air Fryer Chicken Thighs,spendwithpennies.com,https://www.spendwithpennies.com/air-fryer-chicken-thighs/,,,
candidate-6d01b5a8-fd279b1f,0.7762481866537717,0.023751813346228334,6d01b5a8f662a13f408082af,Air Fryer Chicken Thighs,airfryingfoodie.com,https://airfryingfoodie.com/air-fryer-chicken-thighs/,fd279b1fcef25ef1a1e7a614,Air Fryer Chicken Thighs,rachelcooks.com,https://www.rachelcooks.com/air-fryer-chicken-thighs/,,,
candidate-364ce7d4-5ea2eb5d,0.8239592438811189,0.023959243881118808,364ce7d44079023b0973b326,Air Fryer Carrots,airfryingfoodie.com,https://airfryingfoodie.com/air-fryer-carrots/,5ea2eb5d7e5386a571f43713,Easy Air Fryer Carrots,eatingbirdfood.com,https://www.eatingbirdfood.com/air-fryer-carrots/,,,
candidate-afa95353-ffe24a3d,0.8266795374519845,0.02667953745198448,afa953530b267c6f444e727a,Air Fryer Baked Potato,loveandlemons.com,https://www.loveandlemons.com/air-fryer-baked-potato/,ffe24a3d66c07d7383887159,Air Fryer Baked Potato,downshiftology.com,https://downshiftology.com/recipes/air-fryer-baked-potato/,,,
candidate-b137b15d-b2a1f6dd,0.7727625851476954,0.027237414852304687,b137b15d69cfd2a11d9b73cc,Air Fryer Baked Potatoes Recipe,temeculablogs.com,https://temeculablogs.com/air-fryer-baked-potatoes/,b2a1f6dd51feeb36520b9460,Air Fryer Baked Potato,eatingbirdfood.com,https://www.eatingbirdfood.com/air-fryer-baked-potato/,,,
candidate-0406f30f-fd252ea7,0.7727019074675324,0.02729809253246762,0406f30ffd9fd15f8a13ed43,Air Fryer Corn Dogs,airfryingfoodie.com,https://airfryingfoodie.com/air-fryer-corn-dogs/,fd252ea702fe1eabbedac7ae,Easy Air Fryer Corn Dogs,everydayfamilycooking.com,https://www.everydayfamilycooking.com/air-fryer-corn-dogs/,,,
candidate-1fcadbdf-5f212d77,0.7722594246031746,0.027740575396825395,1fcadbdfef8be4eee05088ca,Air Fryer Baked Potatoes,spendwithpennies.com,https://www.spendwithpennies.com/air-fryer-baked-potatoes/,5f212d77c498fc176d2d1b02,Crispy Air Fryer Baked Potato,everydayfamilycooking.com,https://www.everydayfamilycooking.com/air-fryer-baked-potato/,,,
candidate-0623f637-b2a1f6dd,0.770904356060606,0.02909564393939401,0623f6370c5748fb9fd82c88,Air Fryer Baked Potatoes,budgetbytes.com,https://www.budgetbytes.com/air-fryer-baked-potatoes/,b2a1f6dd51feeb36520b9460,Air Fryer Baked Potato,eatingbirdfood.com,https://www.eatingbirdfood.com/air-fryer-baked-potato/,,,
candidate-4e444b16-320dee85,0.8297861426767676,0.029786142676767602,4e444b1672b43c4714caf2ab,Easy Air Fryer Salmon,everydayfamilycooking.com,https://www.everydayfamilycooking.com/air-fryer-salmon/,320dee8591cf0777017f35d6,Air-Fryer Salmon,tasteofhome.com,https://www.tasteofhome.com/recipes/air-fryer-salmon/,,,
candidate-4878de45-0d6380f7,0.770196380755893,0.029803619244107016,4878de45969557c48c83a8a1,Air Fryer Boneless Chicken Thighs,everydayfamilycooking.com,https://www.everydayfamilycooking.com/air-fryer-boneless-chicken-thighs/,0d6380f7eb0b589955ca8541,Air Fryer Boneless Chicken Thighs,wholesomeyum.com,https://www.wholesomeyum.com/air-fryer-boneless-chicken-thighs/,,,
candidate-f8a97034-6082b7b2,0.7696614583333333,0.03033854166666672,f8a97034011b471b8f6b8c6e,Air Fryer Chicken Wings Recipe,feelgoodfoodie.net,https://feelgoodfoodie.net/recipe/air-fryer-chicken-wings/,6082b7b2a6d5352d0f22a6eb,Air Fryer Chicken Wings,rachelcooks.com,https://www.rachelcooks.com/air-fryer-chicken-wings-so-crispy/,,,
candidate-c22c664a-bd23d206,0.7686259774126353,0.03137402258736477,c22c664a7e0c98ca21a61507,Air Fryer Cinnamon Sugar Donut Holes,forktospoon.com,https://forktospoon.com/air-fryer-cinnamon-sugar-donut-holes/,bd23d2065fcb3f88cbcbfad2,Air Fryer Cinnamon Sugar Donut Muffins,forktospoon.com,https://forktospoon.com/air-fryer-cinnamon-sugar-donut-muffins/,,,
candidate-0864464c-e2391acf,0.8314333236208237,0.03143332362082363,0864464c21408d1ba612dc28,Air Fryer Sweet Potato Fries,airfryingfoodie.com,https://airfryingfoodie.com/air-fryer-sweet-potato-fries/,e2391acfe430a17234506c1b,Air Fryer Sweet Potato Fries,skinnytaste.com,https://www.skinnytaste.com/crispy-air-fryer-sweet-potato-fries/,,,
candidate-0cf3705b-a89ab10f,0.8314662964876033,0.03146629648760324,0cf3705b4b78fabba1fed35a,Air Fryer Green Beans,feelgoodfoodie.net,https://feelgoodfoodie.net/recipe/air-fryer-green-beans/,a89ab10f6e3164e8eed605d6,Air Fryer Green Beans,thepioneerwoman.com,https://www.thepioneerwoman.com/food-cooking/recipes/a40800137/air-fryer-green-beans-recipe/,,,
candidate-ea96ad22-9f0b7fcc,0.7684659090909091,0.031534090909090984,ea96ad22d8b422fec71cc3da,Air Fryer Chickpeas,platedcravings.com,https://platedcravings.com/air-fryer-chickpeas/,9f0b7fccf9c588be82b1cfd2,Air Fryer Chickpeas,everydayfamilycooking.com,https://www.everydayfamilycooking.com/air-fryer-chickpeas/,,,
candidate-0864464c-b2662312,0.8324828817016316,0.032482881701631605,0864464c21408d1ba612dc28,Air Fryer Sweet Potato Fries,airfryingfoodie.com,https://airfryingfoodie.com/air-fryer-sweet-potato-fries/,b26623122c1ea1b6a8afbe8b,Air Fryer Sweet Potato Fries,natashaskitchen.com,https://natashaskitchen.com/air-fryer-sweet-potato-fries/,,,
candidate-30638a4c-ea96ad22,0.7666114267676768,0.03338857323232325,30638a4c855ec61fd6fb1353,Air Fryer Chickpea Recipe,feelgoodfoodie.net,https://feelgoodfoodie.net/recipe/air-fryer-chickpeas/,ea96ad22d8b422fec71cc3da,Air Fryer Chickpeas,platedcravings.com,https://platedcravings.com/air-fryer-chickpeas/,,,
candidate-a8a945bc-88fd2c4d,0.7665719696969697,0.03342803030303032,a8a945bc24b916eb8b81bf2d,Crispy Air Fryer Chicken Leg Quarters,everydayfamilycooking.com,https://www.everydayfamilycooking.com/air-fryer-chicken-leg-quarters/,88fd2c4d6d1c3cf32c440307,Air Fryer Chicken Leg Quarters,wholesomeyum.com,https://www.wholesomeyum.com/air-fryer-chicken-quarters/,,,
candidate-1160491e-6e805cf6,0.7661947203299574,0.033805279670042654,1160491ef319233423690a40,BEST Air Fryer Pork Chops,kristineskitchenblog.com,https://kristineskitchenblog.com/air-fryer-pork-chops/,6e805cf63d67860d5c990e9d,Air Fryer Pork Chops,rachelcooks.com,https://www.rachelcooks.com/air-fryer-pork-chops-2/,,,
candidate-a479c6e7-1160491e,0.7661467329069909,0.033853267093009176,a479c6e74a9eaa155c5f371e,Air Fryer Pork Chops,diethood.com,https://diethood.com/air-fryer-pork-chops/,1160491ef319233423690a40,BEST Air Fryer Pork Chops,kristineskitchenblog.com,https://kristineskitchenblog.com/air-fryer-pork-chops/,,,
candidate-cabc7434-07680a1b,0.7654245812908497,0.034575418709150374,cabc74343c20da9ad4e40fad,Air Fryer Chicken Breasts,spendwithpennies.com,https://www.spendwithpennies.com/air-fryer-chicken-breasts/,07680a1ba3481805db83cabe,Air Fryer Chicken Breast,wellplated.com,https://www.wellplated.com/air-fryer-chicken-breast/,,,
candidate-b059215e-95c2d1df,0.7653882575757576,0.034611742424242475,b059215e4d9a8488d8560a73,Air Fryer Fish Sticks,platedcravings.com,https://platedcravings.com/air-fryer-fish-sticks/,95c2d1df54db6e367f0e7a74,Air Fryer Fish Sticks,everydayfamilycooking.com,https://www.everydayfamilycooking.com/air-fryer-fish-sticks-frozen/,,,
candidate-b6c8b6e6-b2a1f6dd,0.765363123962225,0.0346368760377751,b6c8b6e6a873b426d0ffbf84,Air Fryer Baked Potatoes,allrecipes.com,https://www.allrecipes.com/recipe/265979/air-fryer-baked-potatoes/,b2a1f6dd51feeb36520b9460,Air Fryer Baked Potato,eatingbirdfood.com,https://www.eatingbirdfood.com/air-fryer-baked-potato/,,,
candidate-01438814-fd279b1f,0.7649923262800418,0.03500767371995828,0143881474275f183f49645f,Air Fryer Chicken Thighs,kristineskitchenblog.com,https://kristineskitchenblog.com/air-fryer-chicken-thighs/,fd279b1fcef25ef1a1e7a614,Air Fryer Chicken Thighs,rachelcooks.com,https://www.rachelcooks.com/air-fryer-chicken-thighs/,,,
candidate-2d6f1a33-2e8004ed,0.764164966961223,0.035835033038777,2d6f1a33c372cb7af99742b7,Air Fryer Chocolate Chip Muffins,airfryingfoodie.com,https://airfryingfoodie.com/air-fryer-chocolate-chip-muffins/,2e8004edad08d393b2547516,Air Fryer Chocolate Muffins,forktospoon.com,https://forktospoon.com/air-fryer-light-fluffy-homemade-chocolate-muffins/,,,
candidate-316d7774-d07ff841,0.7641622700216449,0.035837729978355104,316d77749e48e76c85dcf3d8,Easy Air Fryer Chickpeas (Crispy!),theyummybowl.com,https://theyummybowl.com/air-fryer-chickpeas/,d07ff841b9b8f2cccf7a5ef0,Air Fryer Chickpeas,rachelcooks.com,https://www.rachelcooks.com/air-fryer-chickpeas-perfectly-crispy/,,,
candidate-fd7aa673-c64716c3,0.8358563311688311,0.035856331168831024,fd7aa6739e214c3f2ffa9cc9,Air Fryer Baked Sweet Potatoes,airfryingfoodie.com,https://airfryingfoodie.com/air-fryer-baked-sweet-potatoes/,c64716c3ae071d3350edb05a,Air Fryer Baked Sweet Potato,allrecipes.com,https://www.allrecipes.com/recipe/285745/air-fryer-baked-sweet-potato/,,,
candidate-6d65391b-a479c6e7,0.763250358000739,0.03674964199926101,6d65391b9aec04ae6671d5a4,Air Fryer Pork Chops,budgetbytes.com,https://www.budgetbytes.com/air-fryer-pork-chops/,a479c6e74a9eaa155c5f371e,Air Fryer Pork Chops,diethood.com,https://diethood.com/air-fryer-pork-chops/,,,
candidate-12ead619-e568a22b,0.7630924975965871,0.036907502403412895,12ead61931d1776784e4bda3,Air Fryer Country Style Ribs,airfryingfoodie.com,https://airfryingfoodie.com/air-fryer-country-style-ribs/,e568a22b27feb9a4aed6ec15,Easy Air Fryer Country Style Ribs,everydayfamilycooking.com,https://www.everydayfamilycooking.com/country-style-ribs-in-air-fryer/,,,
candidate-0bcc0da2-dc94a216,0.7630265816911656,0.036973418308834494,0bcc0da28eef18da9bcda334,Air Fryer Chicken Legs,thestayathomechef.com,https://thestayathomechef.com/air-fryer-chicken-legs/,dc94a216ec4aec22df66ffff,Crispy Air Fryer Chicken Legs,everydayfamilycooking.com,https://www.everydayfamilycooking.com/air-fryer-chicken-legs/,,,
candidate-f526aa75-44398bec,0.7617074765512266,0.03829252344877343,f526aa7597fabe5f8dbc4ef7,Air Fryer Hamburgers,feelgoodfoodie.net,https://feelgoodfoodie.net/recipe/air-fryer-hamburgers/,44398becf949a847541e6ba2,Air Fryer Hamburgers,spendwithpennies.com,https://www.spendwithpennies.com/air-fryer-hamburgers/,,,
candidate-a8d5dd31-da2155fe,0.7609497047336721,0.03905029526632797,a8d5dd31b00e1f4059ef5c2b,Air Fryer Salmon Recipe,therealfooddietitians.com,https://therealfooddietitians.com/air-fryer-salmon/,da2155fe966f099ace102548,Air Fryer Salmon,feelgoodfoodie.net,https://feelgoodfoodie.net/recipe/air-fryer-salmon/,,,
candidate-0cf3705b-d2a471a0,0.7607479523317592,0.039252047668240864,0cf3705b4b78fabba1fed35a,Air Fryer Green Beans,feelgoodfoodie.net,https://feelgoodfoodie.net/recipe/air-fryer-green-beans/,d2a471a05a2f83807708b05f,Air Fryer Green Beans,loveandlemons.com,https://www.loveandlemons.com/air-fryer-green-beans/,,,
candidate-1fcadbdf-b2a1f6dd,0.7607309338988476,0.03926906610115244,1fcadbdfef8be4eee05088ca,Air Fryer Baked Potatoes,spendwithpennies.com,https://www.spendwithpennies.com/air-fryer-baked-potatoes/,b2a1f6dd51feeb36520b9460,Air Fryer Baked Potato,eatingbirdfood.com,https://www.eatingbirdfood.com/air-fryer-baked-potato/,,,
candidate-0ea83de4-8fec6159,0.7606910726584022,0.039308927341597855,0ea83de45e5838d9144e8878,Air Fryer Chicken Thighs,budgetbytes.com,https://www.budgetbytes.com/air-fryer-chicken-thighs/,8fec61591e93cc64a5bba814,Air Fryer Chicken Thighs,spendwithpennies.com,https://www.spendwithpennies.com/air-fryer-chicken-thighs/,,,
candidate-0f3c8e09-320dee85,0.759826254157428,0.04017374584257205,0f3c8e09ae7d51f8e883cf13,Air Fryer Salmon,airfryingfoodie.com,https://airfryingfoodie.com/air-fryer-salmon/,320dee8591cf0777017f35d6,Air-Fryer Salmon,tasteofhome.com,https://www.tasteofhome.com/recipes/air-fryer-salmon/,,,
candidate-04a8967d-1ac80f52,0.7591670571696345,0.04083294283036554,04a8967d2bf25b66fb1b661f,Air Fryer Chicken Thighs,allrecipes.com,https://www.allrecipes.com/recipe/272858/air-fryer-chicken-thighs/,1ac80f52a7069fd7527e16c3,Air Fryer Chicken Thigh Recipe,feelgoodfoodie.net,https://feelgoodfoodie.net/recipe/air-fryer-chicken-thighs/,,,
candidate-c2b53acb-cabc7434,0.7587335324754902,0.0412664675245098,c2b53acb1c4006929f89ddf0,Air Fryer Chicken Breasts,rachelcooks.com,https://www.rachelcooks.com/air-fryer-chicken-breasts/,cabc74343c20da9ad4e40fad,Air Fryer Chicken Breasts,spendwithpennies.com,https://www.spendwithpennies.com/air-fryer-chicken-breasts/,,,
candidate-0fea635f-fd279b1f,0.7584148697769622,0.04158513022303789,0fea635f7845d210e62d369c,Air Fryer Chicken Thighs,diethood.com,https://diethood.com/crispy-air-fryer-chicken-thighs/,fd279b1fcef25ef1a1e7a614,Air Fryer Chicken Thighs,rachelcooks.com,https://www.rachelcooks.com/air-fryer-chicken-thighs/,,,
candidate-2a2345b0-ceefd55c,0.7582999499914879,0.04170005000851218,2a2345b0528966410d5b05d2,Air Fryer French Fries,budgetbytes.com,https://www.budgetbytes.com/air-fryer-french-fries/,ceefd55ca7ccd4bdea91c926,Air Fryer French Fries,natashaskitchen.com,https://natashaskitchen.com/air-fryer-french-fries/,,,
candidate-4cae70b3-6e805cf6,0.7580011595405693,0.0419988404594307,4cae70b321e3442013a83d0d,Air Fryer Pork Chops,natashaskitchen.com,https://natashaskitchen.com/air-fryer-pork-chops-recipe/,6e805cf63d67860d5c990e9d,Air Fryer Pork Chops,rachelcooks.com,https://www.rachelcooks.com/air-fryer-pork-chops-2/,,,
candidate-7dbca4c8-5f212d77,0.7579201101928374,0.042079889807162596,7dbca4c8d97c28e19871bbb5,Air Fryer Baked Potato Recipe,natashaskitchen.com,https://natashaskitchen.com/air-fryer-baked-potatoes/,5f212d77c498fc176d2d1b02,Crispy Air Fryer Baked Potato,everydayfamilycooking.com,https://www.everydayfamilycooking.com/air-fryer-baked-potato/,,,
candidate-32c095b1-b222351f,0.7574489312770563,0.042551068722943786,32c095b1f00bd988e07aa3da,Easy Air Fryer Pork Chops,allrecipes.com,https://www.allrecipes.com/recipe/275576/easy-air-fryer-pork-chops/,b222351ff0f90a70bd2ab70c,Air Fryer Pork Chops,delish.com,https://www.delish.com/cooking/recipe-ideas/a28091838/air-fryer-pork-chops-recipe/,,,
candidate-01438814-4eec46bf,0.7570208854393214,0.0429791145606786,0143881474275f183f49645f,Air Fryer Chicken Thighs,kristineskitchenblog.com,https://kristineskitchenblog.com/air-fryer-chicken-thighs/,4eec46bf950bcb57b4654fd6,Air Fryer Chicken Thighs,eatingbirdfood.com,https://www.eatingbirdfood.com/air-fryer-chicken-thighs/,,,
candidate-2f1fd8cd-55ce1f17,0.7568618290406992,0.04313817095930084,2f1fd8cdace705c6273e04b3,Air Fryer Stuffed Peppers,airfryingfoodie.com,https://airfryingfoodie.com/air-fryer-stuffed-peppers/,55ce1f172e6c28dc9655ebaa,Air Fryer Stuffed Pepper Recipe,feelgoodfoodie.net,https://feelgoodfoodie.net/recipe/air-fryer-stuffed-peppers/,,,
candidate-a479c6e7-bbf6ce63,0.7567936760866885,0.043206323913311584,a479c6e74a9eaa155c5f371e,Air Fryer Pork Chops,diethood.com,https://diethood.com/air-fryer-pork-chops/,bbf6ce63f62f80e7a5766c72,Easy Air Fryer Pork Chops,everydayfamilycooking.com,https://www.everydayfamilycooking.com/air-fryer-pork-chops/,,,
candidate-01438814-e8261980,0.7566591267188694,0.043340873281130676,0143881474275f183f49645f,Air Fryer Chicken Thighs,kristineskitchenblog.com,https://kristineskitchenblog.com/air-fryer-chicken-thighs/,e8261980fac38b3851caec33,Air-Fryer Chicken Thighs,tasteofhome.com,https://www.tasteofhome.com/recipes/air-fryer-chicken-thighs/,,,
candidate-2b28fee1-f8a97034,0.7552139300809513,0.044786069919048765,2b28fee1a6b105ddc0d7ab53,Air Fryer Chicken Wings,natashaskitchen.com,https://natashaskitchen.com/air-fryer-chicken-wings/,f8a97034011b471b8f6b8c6e,Air Fryer Chicken Wings Recipe,feelgoodfoodie.net,https://feelgoodfoodie.net/recipe/air-fryer-chicken-wings/,,,
candidate-acc3191a-1fa5622b,0.7549016054553266,0.04509839454467346,acc3191a91311e2586e87cea,Air Fryer Chicken Breast,airfryingfoodie.com,https://airfryingfoodie.com/air-fryer-chicken-breast/,1fa5622b8b6b2eed8fa10ff4,Frozen Chicken Breast Air Fryer,airfryingfoodie.com,https://airfryingfoodie.com/frozen-chicken-breast-in-air-fryer/,,,
candidate-04a8967d-8fec6159,0.7545545388477801,0.045445461152219924,04a8967d2bf25b66fb1b661f,Air Fryer Chicken Thighs,allrecipes.com,https://www.allrecipes.com/recipe/272858/air-fryer-chicken-thighs/,8fec61591e93cc64a5bba814,Air Fryer Chicken Thighs,spendwithpennies.com,https://www.spendwithpennies.com/air-fryer-chicken-thighs/,,,
candidate-30687eec-92922544,0.7543970943466345,0.045602905653365555,30687eec5c4008a053a549a1,Air Fryer Salmon,simplyrecipes.com,https://www.simplyrecipes.com/air-fryer-salmon-recipe-5409236,92922544a21f5cf63f45b978,Air Fryer Salmon,thepioneerwoman.com,https://www.thepioneerwoman.com/food-cooking/recipes/a44775880/air-fryer-salmon-recipe/,,,
candidate-1a259f1f-36f47d2d,0.7542415691192865,0.04575843088071352,1a259f1f5ba8e0ff8bb7b0ed,Air Fryer Asparagus,loveandlemons.com,https://www.loveandlemons.com/air-fryer-asparagus/,36f47d2d616ea903b6fd7845,Air Fryer Asparagus,downshiftology.com,https://downshiftology.com/recipes/air-fryer-asparagus/,,,
candidate-709a2653-671ca427,0.7537514204545454,0.04624857954545469,709a2653d107b1410b1b40ca,Air Fryer Mozzarella Sticks,everydayfamilycooking.com,https://www.everydayfamilycooking.com/air-fryer-mozzarella-sticks/,671ca42756bb251775914bdd,Air Fryer Mozzarella Sticks,rachelcooks.com,https://www.rachelcooks.com/air-fryer-mozzarella-sticks/,,,
candidate-0864464c-20d99bea,0.7535565996503496,0.04644340034965044,0864464c21408d1ba612dc28,Air Fryer Sweet Potato Fries,airfryingfoodie.com,https://airfryingfoodie.com/air-fryer-sweet-potato-fries/,20d99bea6c995455a24e654c,Air Fryer Sweet Potato Cubes,airfryingfoodie.com,https://airfryingfoodie.com/air-fryer-sweet-potato-cubes/,,,
candidate-46592443-5f212d77,0.7531985767027688,0.04680142329723125,46592443be981618bd315984,Air Fryer Baked Potatoes,diethood.com,https://diethood.com/air-fryer-baked-potatoes/,5f212d77c498fc176d2d1b02,Crispy Air Fryer Baked Potato,everydayfamilycooking.com,https://www.everydayfamilycooking.com/air-fryer-baked-potato/,,,
candidate-316d7774-9f0b7fcc,0.7527720690952073,0.047227930904792714,316d77749e48e76c85dcf3d8,Easy Air Fryer Chickpeas (Crispy!),theyummybowl.com,https://theyummybowl.com/air-fryer-chickpeas/,9f0b7fccf9c588be82b1cfd2,Air Fryer Chickpeas,everydayfamilycooking.com,https://www.everydayfamilycooking.com/air-fryer-chickpeas/,,,
candidate-3af62e9e-77611219,0.7527585141784492,0.047241485821550855,3af62e9e9681c7ab420ede38,Air Fryer Steakhouse Sweet Potatoes,forktospoon.com,https://forktospoon.com/air-fryer-steakhouse-sweet-potato/,77611219bf43f22ace2c3653,Air Fryer Baked Sweet Potatoes,platedcravings.com,https://platedcravings.com/air-fryer-sweet-potatoes/,,,
candidate-0fea635f-4eec46bf,0.8473051333136561,0.047305133313656045,0fea635f7845d210e62d369c,Air Fryer Chicken Thighs,diethood.com,https://diethood.com/crispy-air-fryer-chicken-thighs/,4eec46bf950bcb57b4654fd6,Air Fryer Chicken Thighs,eatingbirdfood.com,https://www.eatingbirdfood.com/air-fryer-chicken-thighs/,,,
candidate-5d1ad5fb-bad69e9c,0.7523568238353686,0.04764317616463143,5d1ad5fbd15439662ae171cc,Air Fryer Onion Rings,thepioneerwoman.com,https://www.thepioneerwoman.com/food-cooking/recipes/a44040654/air-fryer-onion-rings-recipe/,bad69e9c63cee85da8b30d02,Crispy Air Fryer Onion Rings,everydayfamilycooking.com,https://www.everydayfamilycooking.com/air-fryer-onion-rings/,,,
candidate-6d65391b-6e805cf6,0.7522564439565268,0.047743556043473245,6d65391b9aec04ae6671d5a4,Air Fryer Pork Chops,budgetbytes.com,https://www.budgetbytes.com/air-fryer-pork-chops/,6e805cf63d67860d5c990e9d,Air Fryer Pork Chops,rachelcooks.com,https://www.rachelcooks.com/air-fryer-pork-chops-2/,,,
candidate-1ac80f52-e8261980,0.7515325126262626,0.048467487373737406,1ac80f52a7069fd7527e16c3,Air Fryer Chicken Thigh Recipe,feelgoodfoodie.net,https://feelgoodfoodie.net/recipe/air-fryer-chicken-thighs/,e8261980fac38b3851caec33,Air-Fryer Chicken Thighs,tasteofhome.com,https://www.tasteofhome.com/recipes/air-fryer-chicken-thighs/,,,
candidate-4eec46bf-fd279b1f,0.7514040113057079,0.04859598869429216,4eec46bf950bcb57b4654fd6,Air Fryer Chicken Thighs,eatingbirdfood.com,https://www.eatingbirdfood.com/air-fryer-chicken-thighs/,fd279b1fcef25ef1a1e7a614,Air Fryer Chicken Thighs,rachelcooks.com,https://www.rachelcooks.com/air-fryer-chicken-thighs/,,,
candidate-c7c4bdc8-c17aba8e,0.7513020833333334,0.048697916666666674,c7c4bdc8afaacef6ac35ca54,Air Fryer Cauliflower Recipe,feelgoodfoodie.net,https://feelgoodfoodie.net/recipe/air-fryer-cauliflower/,c17aba8eb8b20c992702921f,Air Fryer Cauliflower,rachelcooks.com,https://www.rachelcooks.com/air-fryer-cauliflower/,,,
candidate-afa95353-b137b15d,0.7503775237202118,0.04962247627978822,afa953530b267c6f444e727a,Air Fryer Baked Potato,loveandlemons.com,https://www.loveandlemons.com/air-fryer-baked-potato/,b137b15d69cfd2a11d9b73cc,Air Fryer Baked Potatoes Recipe,temeculablogs.com,https://temeculablogs.com/air-fryer-baked-potatoes/,,,
candidate-6d01b5a8-8fec6159,0.7500992063492063,0.049900793650793696,6d01b5a8f662a13f408082af,Air Fryer Chicken Thighs,airfryingfoodie.com,https://airfryingfoodie.com/air-fryer-chicken-thighs/,8fec61591e93cc64a5bba814,Air Fryer Chicken Thighs,spendwithpennies.com,https://www.spendwithpennies.com/air-fryer-chicken-thighs/,,,
candidate-c5f404f0-4eb2e945,0.7500419490962255,0.04995805090377459,c5f404f0b824f77df2d8a853,Air Fryer Cauliflower,airfryingfoodie.com,https://airfryingfoodie.com/air-fryer-cauliflower/,4eb2e945bb92881df089b012,"Air Fryer Cauliflower (Crispy, Easy Recipe)",wholesomeyum.com,https://www.wholesomeyum.com/air-fryer-cauliflower/,,,
candidate-6d01b5a8-e8261980,0.7498710888854296,0.05012891111457041,6d01b5a8f662a13f408082af,Air Fryer Chicken Thighs,airfryingfoodie.com,https://airfryingfoodie.com/air-fryer-chicken-thighs/,e8261980fac38b3851caec33,Air-Fryer Chicken Thighs,tasteofhome.com,https://www.tasteofhome.com/recipes/air-fryer-chicken-thighs/,,,
candidate-0f3c8e09-4e444b16,0.7498354351441242,0.05016456485587584,0f3c8e09ae7d51f8e883cf13,Air Fryer Salmon,airfryingfoodie.com,https://airfryingfoodie.com/air-fryer-salmon/,4e444b1672b43c4714caf2ab,Easy Air Fryer Salmon,everydayfamilycooking.com,https://www.everydayfamilycooking.com/air-fryer-salmon/,,,
candidate-b2a1f6dd-5f212d77,0.7497324143725993,0.050267585627400746,b2a1f6dd51feeb36520b9460,Air Fryer Baked Potato,eatingbirdfood.com,https://www.eatingbirdfood.com/air-fryer-baked-potato/,5f212d77c498fc176d2d1b02,Crispy Air Fryer Baked Potato,everydayfamilycooking.com,https://www.everydayfamilycooking.com/air-fryer-baked-potato/,,,
candidate-a4a1e376-6d3c99a0,0.7495926637700535,0.05040733622994653,a4a1e376cfaa82cf22b3ca02,Air Fryer Chicken Wings,eatingbirdfood.com,https://www.eatingbirdfood.com/air-fryer-chicken-wings/,6d3c99a07a4bfbe4536b201d,Crispy Air Fryer Chicken Wings,everydayfamilycooking.com,https://www.everydayfamilycooking.com/air-fryer-chicken-wings/,,,
candidate-90b5b33c-c7c4bdc8,0.749580320247934,0.05041967975206607,90b5b33c48ca53c4fef95165,Air Fryer Cauliflower,downshiftology.com,https://downshiftology.com/recipes/air-fryer-cauliflower/,c7c4bdc8afaacef6ac35ca54,Air Fryer Cauliflower Recipe,feelgoodfoodie.net,https://feelgoodfoodie.net/recipe/air-fryer-cauliflower/,,,
candidate-c5f404f0-c17aba8e,0.7491836047328959,0.05081639526710413,c5f404f0b824f77df2d8a853,Air Fryer Cauliflower,airfryingfoodie.com,https://airfryingfoodie.com/air-fryer-cauliflower/,c17aba8eb8b20c992702921f,Air Fryer Cauliflower,rachelcooks.com,https://www.rachelcooks.com/air-fryer-cauliflower/,,,
candidate-59d6093b-1160491e,0.7489448616142893,0.05105513838571074,59d6093b6c2225d239442cba,Air Fryer Pork Chops Recipe,therealfooddietitians.com,https://therealfooddietitians.com/air-fryer-pork-chops/,1160491ef319233423690a40,BEST Air Fryer Pork Chops,kristineskitchenblog.com,https://kristineskitchenblog.com/air-fryer-pork-chops/,,,
candidate-4cae70b3-1160491e,0.7488411169623059,0.051158883037694114,4cae70b321e3442013a83d0d,Air Fryer Pork Chops,natashaskitchen.com,https://natashaskitchen.com/air-fryer-pork-chops-recipe/,1160491ef319233423690a40,BEST Air Fryer Pork Chops,kristineskitchenblog.com,https://kristineskitchenblog.com/air-fryer-pork-chops/,,,
candidate-a479c6e7-6e805cf6,0.7488076000834029,0.05119239991659719,a479c6e74a9eaa155c5f371e,Air Fryer Pork Chops,diethood.com,https://diethood.com/air-fryer-pork-chops/,6e805cf63d67860d5c990e9d,Air Fryer Pork Chops,rachelcooks.com,https://www.rachelcooks.com/air-fryer-pork-chops-2/,,,
candidate-6d65391b-1160491e,0.7487128831417624,0.051287116858237614,6d65391b9aec04ae6671d5a4,Air Fryer Pork Chops,budgetbytes.com,https://www.budgetbytes.com/air-fryer-pork-chops/,1160491ef319233423690a40,BEST Air Fryer Pork Chops,kristineskitchenblog.com,https://kristineskitchenblog.com/air-fryer-pork-chops/,,,
candidate-08a9882c-9803cfa6,0.7480393193907156,0.05196068060928449,08a9882c6afb60c530d6f2ec,Air Fryer Chicken Legs,allrecipes.com,https://www.allrecipes.com/air-fryer-chicken-legs-recipe-8553696,9803cfa62800293fed356785,Air Fryer Chicken Legs,kristineskitchenblog.com,https://kristineskitchenblog.com/air-fryer-chicken-legs/,,,
candidate-04a8967d-25395351,0.8519946262322016,0.051994626232201524,04a8967d2bf25b66fb1b661f,Air Fryer Chicken Thighs,allrecipes.com,https://www.allrecipes.com/recipe/272858/air-fryer-chicken-thighs/,253953519221c1350e13780e,Air Fryer Chicken Thighs,platedcravings.com,https://platedcravings.com/air-fryer-chicken-thighs/,,,
candidate-9f0b7fcc-d07ff841,0.7476371284965034,0.05236287150349661,9f0b7fccf9c588be82b1cfd2,Air Fryer Chickpeas,everydayfamilycooking.com,https://www.everydayfamilycooking.com/air-fryer-chickpeas/,d07ff841b9b8f2cccf7a5ef0,Air Fryer Chickpeas,rachelcooks.com,https://www.rachelcooks.com/air-fryer-chickpeas-perfectly-crispy/,,,
candidate-01438814-6d01b5a8,0.7475499424167257,0.05245005758327437,0143881474275f183f49645f,Air Fryer Chicken Thighs,kristineskitchenblog.com,https://kristineskitchenblog.com/air-fryer-chicken-thighs/,6d01b5a8f662a13f408082af,Air Fryer Chicken Thighs,airfryingfoodie.com,https://airfryingfoodie.com/air-fryer-chicken-thighs/,,,
candidate-b2662312-79ce8a08,0.7474855084940313,0.05251449150596876,b26623122c1ea1b6a8afbe8b,Air Fryer Sweet Potato Fries,natashaskitchen.com,https://natashaskitchen.com/air-fryer-sweet-potato-fries/,79ce8a08b57267c3e34b2d6b,Air Fryer Sweet Potato Fries,eatingbirdfood.com,https://www.eatingbirdfood.com/air-fryer-sweet-potato-fries/,,,
candidate-b2662312-fd5c1f6f,0.746961508885851,0.053038491114149044,b26623122c1ea1b6a8afbe8b,Air Fryer Sweet Potato Fries,natashaskitchen.com,https://natashaskitchen.com/air-fryer-sweet-potato-fries/,fd5c1f6f10c808cd31f0e55d,Air Fryer Sweet Potato Fries,wholesomeyum.com,https://www.wholesomeyum.com/air-fryer-sweet-potato-fries/,,,
candidate-17b5f0dc-3b8315bd,0.7459402316433567,0.05405976835664339,17b5f0dc57d24adba4cbf80b,Air Fryer Beet Chips,airfryingfoodie.com,https://airfryingfoodie.com/air-fryer-beet-chips/,3b8315bd4d96279011f88bc7,Air Fryer Beets,forktospoon.com,https://forktospoon.com/air-fryer-roasted-beets/,,,
candidate-1ac80f52-6d01b5a8,0.7459305412075299,0.05406945879247016,1ac80f52a7069fd7527e16c3,Air Fryer Chicken Thigh Recipe,feelgoodfoodie.net,https://feelgoodfoodie.net/recipe/air-fryer-chicken-thighs/,6d01b5a8f662a13f408082af,Air Fryer Chicken Thighs,airfryingfoodie.com,https://airfryingfoodie.com/air-fryer-chicken-thighs/,,,
candidate-d172e385-c68bca3a,0.7454378169609317,0.054562183039068346,d172e385108190dc526ba55b,Air Fryer Turkey Breast Recipe,feelgoodfoodie.net,https://feelgoodfoodie.net/recipe/air-fryer-turkey-breast/,c68bca3a5ec1cf67448f28bd,Air Fryer Turkey Breast,eatingbirdfood.com,https://www.eatingbirdfood.com/air-fryer-turkey-breast/,,,
candidate-30638a4c-d07ff841,0.7451945106304986,0.05480548936950147,30638a4c855ec61fd6fb1353,Air Fryer Chickpea Recipe,feelgoodfoodie.net,https://feelgoodfoodie.net/recipe/air-fryer-chickpeas/,d07ff841b9b8f2cccf7a5ef0,Air Fryer Chickpeas,rachelcooks.com,https://www.rachelcooks.com/air-fryer-chickpeas-perfectly-crispy/,,,
candidate-fd279b1f-e8261980,0.7450695089502744,0.054930491049725694,fd279b1fcef25ef1a1e7a614,Air Fryer Chicken Thighs,rachelcooks.com,https://www.rachelcooks.com/air-fryer-chicken-thighs/,e8261980fac38b3851caec33,Air-Fryer Chicken Thighs,tasteofhome.com,https://www.tasteofhome.com/recipes/air-fryer-chicken-thighs/,,,
candidate-1fcadbdf-7dbca4c8,0.744569493006993,0.055430506993007,1fcadbdfef8be4eee05088ca,Air Fryer Baked Potatoes,spendwithpennies.com,https://www.spendwithpennies.com/air-fryer-baked-potatoes/,7dbca4c8d97c28e19871bbb5,Air Fryer Baked Potato Recipe,natashaskitchen.com,https://natashaskitchen.com/air-fryer-baked-potatoes/,,,
candidate-0864464c-79ce8a08,0.7444164522584333,0.05558354774156671,0864464c21408d1ba612dc28,Air Fryer Sweet Potato Fries,airfryingfoodie.com,https://airfryingfoodie.com/air-fryer-sweet-potato-fries/,79ce8a08b57267c3e34b2d6b,Air Fryer Sweet Potato Fries,eatingbirdfood.com,https://www.eatingbirdfood.com/air-fryer-sweet-potato-fries/,,,
candidate-acc3191a-c2b53acb,0.7440145895757339,0.05598541042426619,acc3191a91311e2586e87cea,Air Fryer Chicken Breast,airfryingfoodie.com,https://airfryingfoodie.com/air-fryer-chicken-breast/,c2b53acb1c4006929f89ddf0,Air Fryer Chicken Breasts,rachelcooks.com,https://www.rachelcooks.com/air-fryer-chicken-breasts/,,,
candidate-0623f637-afa95353,0.7438355209067419,0.05616447909325817,0623f6370c5748fb9fd82c88,Air Fryer Baked Potatoes,budgetbytes.com,https://www.budgetbytes.com/air-fryer-baked-potatoes/,afa953530b267c6f444e727a,Air Fryer Baked Potato,loveandlemons.com,https://www.loveandlemons.com/air-fryer-baked-potato/,,,
candidate-e2a48e4d-5d400e1b,0.7435418059269162,0.056458194073083834,e2a48e4d0bd4a8ceda287ed5,Air Fryer Potato Chips,airfryingfoodie.com,https://airfryingfoodie.com/air-fryer-potato-chips/,5d400e1b6d3d840b49cc13c0,Air Fryer Potato Chips,spendwithpennies.com,https://www.spendwithpennies.com/air-fryer-potato-chips/,,,
candidate-9dee5f09-2e8004ed,0.7433500574574139,0.05664994254258615,9dee5f094ce1673f9553c479,Air Fryer Chocolate Chip Muffins,forktospoon.com,https://forktospoon.com/air-fryer-chocolate-chip-muffins/,2e8004edad08d393b2547516,Air Fryer Chocolate Muffins,forktospoon.com,https://forktospoon.com/air-fryer-light-fluffy-homemade-chocolate-muffins/,,,
candidate-7dcf071c-a89ab10f,0.7430932191230487,0.056906780876951335,7dcf071c65fccf19be3c903c,Air Fryer Green Beans,airfryingfoodie.com,https://airfryingfoodie.com/air-fryer-green-beans/,a89ab10f6e3164e8eed605d6,Air Fryer Green Beans,thepioneerwoman.com,https://www.thepioneerwoman.com/food-cooking/recipes/a40800137/air-fryer-green-beans-recipe/,,,
candidate-b6d0daa8-a8fec66d,0.7423007246376812,0.05769927536231889,b6d0daa80beef48f73be1741,Air Fryer Steak,kristineskitchenblog.com,https://kristineskitchenblog.com/air-fryer-steak/,a8fec66db50851bf3acbcf31,Air Fryer Steak Recipe,feelgoodfoodie.net,https://feelgoodfoodie.net/recipe/air-fryer-steak/,,,
candidate-0623f637-37877d76,0.7418772239439854,0.05812277605601468,0623f6370c5748fb9fd82c88,Air Fryer Baked Potatoes,budgetbytes.com,https://www.budgetbytes.com/air-fryer-baked-potatoes/,37877d7685c150154eb5207b,Air Fryer Baked Potato,airfryingfoodie.com,https://airfryingfoodie.com/air-fryer-baked-potato/,,,
candidate-1931a321-57748c95,0.7416652740641712,0.05833472593582889,1931a3210b89349cb793b87c,Air Fryer Asparagus,airfryingfoodie.com,https://airfryingfoodie.com/air-fryer-asparagus/,57748c95b2f698859f0a5f42,Air Fryer Asparagus,budgetbytes.com,https://www.budgetbytes.com/air-fryer-asparagus/,,,
candidate-8fec6159-e8261980,0.7409662400211795,0.059033759978820544,8fec61591e93cc64a5bba814,Air Fryer Chicken Thighs,spendwithpennies.com,https://www.spendwithpennies.com/air-fryer-chicken-thighs/,e8261980fac38b3851caec33,Air-Fryer Chicken Thighs,tasteofhome.com,https://www.tasteofhome.com/recipes/air-fryer-chicken-thighs/,,,
candidate-4d0af46e-5a0e74db,0.7409535547173415,0.059046445282658566,4d0af46e3ccbb85e02633638,Air Fryer Twice Baked Potatoes,airfryingfoodie.com,https://airfryingfoodie.com/air-fryer-twice-baked-potatoes/,5a0e74db32214c9ee7e126c4,Air Fryer Twice Baked Potatoes,forktospoon.com,https://forktospoon.com/air-fryer-twice-baked-potato/,,,
candidate-0cf7c447-afc5acc1,0.7407376494994289,0.05926235050057116,0cf7c447e3113848085d147a,Air Fryer Pancakes,airfryingfoodie.com,https://airfryingfoodie.com/air-fryer-pancakes/,afc5acc12858910fd76e8f9b,Air Fryer Pancakes,everydayfamilycooking.com,https://www.everydayfamilycooking.com/air-fryer-pancakes/,,,
candidate-1ac80f52-fd279b1f,0.7403527462121212,0.05964725378787883,1ac80f52a7069fd7527e16c3,Air Fryer Chicken Thigh Recipe,feelgoodfoodie.net,https://feelgoodfoodie.net/recipe/air-fryer-chicken-thighs/,fd279b1fcef25ef1a1e7a614,Air Fryer Chicken Thighs,rachelcooks.com,https://www.rachelcooks.com/air-fryer-chicken-thighs/,,,
candidate-20d8bcf2-cc4a089b,0.7400595498251749,0.05994045017482519,20d8bcf26aadebf1bdee5033,Air Fryer Blueberry Crisp,airfryingfoodie.com,https://airfryingfoodie.com/air-fryer-blueberry-crisp/,cc4a089b40512239ba3f71b1,Air Fryer Blueberry Crisp,forktospoon.com,https://forktospoon.com/air-fryer-air-fried-instant-pot-vortex-plus-old-fashioned-blueberry-cobbler/,,,
candidate-20a8a9a0-529412c1,0.7398283722286702,0.060171627771329894,20a8a9a0d546239d17db75c4,Air Fryer Home Fries,airfryingfoodie.com,https://airfryingfoodie.com/air-fryer-home-fries/,529412c1952613f321907780,Air Fryer Home Fries,spendwithpennies.com,https://www.spendwithpennies.com/air-fryer-home-fries/,,,
candidate-3ea9592d-a4a1e376,0.7395519018669362,0.06044809813306384,3ea9592df5e050f6093e0f8b,Crispy Air Fryer Chicken Wings,budgetbytes.com,https://www.budgetbytes.com/crispy-air-fryer-chicken-wings/,a4a1e376cfaa82cf22b3ca02,Air Fryer Chicken Wings,eatingbirdfood.com,https://www.eatingbirdfood.com/air-fryer-chicken-wings/,,,
candidate-8126de91-4878de45,0.7393839712918661,0.060616028708133984,8126de91090a17cd04090169,Air Fryer Honey-Mustard Chicken Thighs,allrecipes.com,https://www.allrecipes.com/air-fryer-honey-mustard-chicken-thighs-recipe-7970816,4878de45969557c48c83a8a1,Air Fryer Boneless Chicken Thighs,everydayfamilycooking.com,https://www.everydayfamilycooking.com/air-fryer-boneless-chicken-thighs/,,,
candidate-1ac80f52-25395351,0.7392549486803519,0.060745051319648136,1ac80f52a7069fd7527e16c3,Air Fryer Chicken Thigh Recipe,feelgoodfoodie.net,https://feelgoodfoodie.net/recipe/air-fryer-chicken-thighs/,253953519221c1350e13780e,Air Fryer Chicken Thighs,platedcravings.com,https://platedcravings.com/air-fryer-chicken-thighs/,,,
candidate-5dd2099c-3e2e3bd5,0.7387985681953705,0.06120143180462956,5dd2099cb2d1cafdfd34fb6f,Air Fryer Chicken Tenders,kristineskitchenblog.com,https://kristineskitchenblog.com/air-fryer-chicken-tenders/,3e2e3bd5dae868a8bec1fcbe,Crispy Air Fryer Chicken Tenders,thestayathomechef.com,https://thestayathomechef.com/air-fryer-chicken-tenders/,,,
candidate-bd23d206-fca57a30,0.7385998425727328,0.06140015742726723,bd23d2065fcb3f88cbcbfad2,Air Fryer Cinnamon Sugar Donut Muffins,forktospoon.com,https://forktospoon.com/air-fryer-cinnamon-sugar-donut-muffins/,fca57a30daaf533ed21feee8,Air Fryer Cinnamon Sugar Muffins,forktospoon.com,https://forktospoon.com/air-fryer-cinnamon-sugar-muffins/,,,
candidate-cee38a3a-532ddc2e,0.8614445557004471,0.061444555700447046,cee38a3acf319dcb773c910d,Air Fryer Frozen French Fries,airfryingfoodie.com,https://airfryingfoodie.com/air-fryer-frozen-french-fries/,532ddc2eb6ac4a687afe0a2b,Air Fryer Frozen French Fries,allrecipes.com,https://www.allrecipes.com/recipe/8395452/air-fryer-frozen-french-fries/,,,
candidate-c17aba8e-4eb2e945,0.7384280303030302,0.061571969696969875,c17aba8eb8b20c992702921f,Air Fryer Cauliflower,rachelcooks.com,https://www.rachelcooks.com/air-fryer-cauliflower/,4eb2e945bb92881df089b012,"Air Fryer Cauliflower (Crispy, Easy Recipe)",wholesomeyum.com,https://www.wholesomeyum.com/air-fryer-cauliflower/,,,
candidate-e2391acf-94bd07a1,0.8615800955510008,0.061580095551000746,e2391acfe430a17234506c1b,Air Fryer Sweet Potato Fries,skinnytaste.com,https://www.skinnytaste.com/crispy-air-fryer-sweet-potato-fries/,94bd07a1d263665d717f4ab7,Air Fryer Sweet Potato Fries Recipe,feelgoodfoodie.net,https://feelgoodfoodie.net/recipe/air-fryer-sweet-potato-fries/,,,
candidate-f8a97034-6d3c99a0,0.73836733815427,0.06163266184573002,f8a97034011b471b8f6b8c6e,Air Fryer Chicken Wings Recipe,feelgoodfoodie.net,https://feelgoodfoodie.net/recipe/air-fryer-chicken-wings/,6d3c99a07a4bfbe4536b201d,Crispy Air Fryer Chicken Wings,everydayfamilycooking.com,https://www.everydayfamilycooking.com/air-fryer-chicken-wings/,,,
candidate-90b5b33c-c5f404f0,0.7382654671717171,0.061734532828282895,90b5b33c48ca53c4fef95165,Air Fryer Cauliflower,downshiftology.com,https://downshiftology.com/recipes/air-fryer-cauliflower/,c5f404f0b824f77df2d8a853,Air Fryer Cauliflower,airfryingfoodie.com,https://airfryingfoodie.com/air-fryer-cauliflower/,,,
candidate-4327dd9e-c1a8021b,0.7382568583562901,0.061743141643709976,4327dd9e74925c8f0698d709,Easy Frozen Salmon in the Air Fryer,everydayfamilycooking.com,https://www.everydayfamilycooking.com/frozen-salmon-in-air-fryer/,c1a8021b8c73936de9160f52,Frozen Salmon In The Air Fryer,wholesomeyum.com,https://www.wholesomeyum.com/air-fryer-frozen-salmon/,,,
candidate-1fcadbdf-afa95353,0.7382193432166492,0.061780656783350874,1fcadbdfef8be4eee05088ca,Air Fryer Baked Potatoes,spendwithpennies.com,https://www.spendwithpennies.com/air-fryer-baked-potatoes/,afa953530b267c6f444e727a,Air Fryer Baked Potato,loveandlemons.com,https://www.loveandlemons.com/air-fryer-baked-potato/,,,
candidate-ffaa7fd3-c2b53acb,0.7379921510780887,0.06200784892191136,ffaa7fd30eac68570f06220f,BEST Air Fryer Chicken Breast,kristineskitchenblog.com,https://kristineskitchenblog.com/air-fryer-chicken-breast/,c2b53acb1c4006929f89ddf0,Air Fryer Chicken Breasts,rachelcooks.com,https://www.rachelcooks.com/air-fryer-chicken-breasts/,,,
candidate-20f5fefc-2a2345b0,0.7379821966571657,0.062017803342834354,20f5fefc9f88217bae032c16,Air Fryer French Fries,airfryingfoodie.com,https://airfryingfoodie.com/air-fryer-french-fries/,2a2345b0528966410d5b05d2,Air Fryer French Fries,budgetbytes.com,https://www.budgetbytes.com/air-fryer-french-fries/,,,
candidate-0abed4a1-e6d49043,0.7376890064722511,0.06231099352774894,0abed4a1cdd8766d7b1af426,Air Fryer Onion Rings,wellplated.com,https://www.wellplated.com/air-fryer-onion-rings/,e6d49043a01af4a9097c9d4f,Air Fryer Onion Rings,loveandlemons.com,https://www.loveandlemons.com/air-fryer-onion-rings/,,,
candidate-0fea635f-e8261980,0.737646349862259,0.06235365013774108,0fea635f7845d210e62d369c,Air Fryer Chicken Thighs,diethood.com,https://diethood.com/crispy-air-fryer-chicken-thighs/,e8261980fac38b3851caec33,Air-Fryer Chicken Thighs,tasteofhome.com,https://www.tasteofhome.com/recipes/air-fryer-chicken-thighs/,,,
candidate-2fc469ce-2174d887,0.7375771986166008,0.062422801383399285,2fc469ce909f382aa8ef9f02,Air Fryer Baby Back Ribs,allrecipes.com,https://www.allrecipes.com/recipe/275250/air-fryer-baby-back-ribs/,2174d88771efe98245ed999d,Easy Air Fryer Baby Back Ribs,everydayfamilycooking.com,https://www.everydayfamilycooking.com/air-fryer-baby-back-ribs/,,,
candidate-04a8967d-5d37dac9,0.7374960542929293,0.06250394570707074,04a8967d2bf25b66fb1b661f,Air Fryer Chicken Thighs,allrecipes.com,https://www.allrecipes.com/recipe/272858/air-fryer-chicken-thighs/,5d37dac9d9cb2f753de784cd,Air Fryer Chicken Thighs,wellplated.com,https://www.wellplated.com/air-fryer-chicken-thighs/,,,
candidate-01438814-04a8967d,0.7373934659090909,0.0626065340909091,0143881474275f183f49645f,Air Fryer Chicken Thighs,kristineskitchenblog.com,https://kristineskitchenblog.com/air-fryer-chicken-thighs/,04a8967d2bf25b66fb1b661f,Air Fryer Chicken Thighs,allrecipes.com,https://www.allrecipes.com/recipe/272858/air-fryer-chicken-thighs/,,,
candidate-01438814-0ea83de4,0.736919981060606,0.06308001893939408,0143881474275f183f49645f,Air Fryer Chicken Thighs,kristineskitchenblog.com,https://kristineskitchenblog.com/air-fryer-chicken-thighs/,0ea83de45e5838d9144e8878,Air Fryer Chicken Thighs,budgetbytes.com,https://www.budgetbytes.com/air-fryer-chicken-thighs/,,,
candidate-afa95353-5f212d77,0.7358331181129476,0.06416688188705244,afa953530b267c6f444e727a,Air Fryer Baked Potato,loveandlemons.com,https://www.loveandlemons.com/air-fryer-baked-potato/,5f212d77c498fc176d2d1b02,Crispy Air Fryer Baked Potato,everydayfamilycooking.com,https://www.everydayfamilycooking.com/air-fryer-baked-potato/,,,
candidate-6d01b5a8-0fea635f,0.7357096958101422,0.06429030418985782,6d01b5a8f662a13f408082af,Air Fryer Chicken Thighs,airfryingfoodie.com,https://airfryingfoodie.com/air-fryer-chicken-thighs/,0fea635f7845d210e62d369c,Air Fryer Chicken Thighs,diethood.com,https://diethood.com/crispy-air-fryer-chicken-thighs/,,,
candidate-04a8967d-e8261980,0.7356835107294667,0.06431648927053335,04a8967d2bf25b66fb1b661f,Air Fryer Chicken Thighs,allrecipes.com,https://www.allrecipes.com/recipe/272858/air-fryer-chicken-thighs/,e8261980fac38b3851caec33,Air-Fryer Chicken Thighs,tasteofhome.com,https://www.tasteofhome.com/recipes/air-fryer-chicken-thighs/,,,
candidate-ea96ad22-316d7774,0.7355278584719375,0.06447214152806258,ea96ad22d8b422fec71cc3da,Air Fryer Chickpeas,platedcravings.com,https://platedcravings.com/air-fryer-chickpeas/,316d77749e48e76c85dcf3d8,Easy Air Fryer Chickpeas (Crispy!),theyummybowl.com,https://theyummybowl.com/air-fryer-chickpeas/,,,
candidate-250ff3aa-e42d1548,0.735452434735953,0.06454756526404704,250ff3aa21359684c89a70ac,The Best Air-Fryer Baked Potatoes,eatingwell.com,https://www.eatingwell.com/recipe/8047239/best-air-fryer-baked-potatoes/,e42d15485ecae6853bc619f8,Air Fryer Baked Potato,foodandwine.com,https://www.foodandwine.com/air-fryer-baked-potato-8648296,,,
candidate-20f5fefc-351eb5f7,0.7354506714876032,0.06454932851239681,20f5fefc9f88217bae032c16,Air Fryer French Fries,airfryingfoodie.com,https://airfryingfoodie.com/air-fryer-french-fries/,351eb5f7a05cc05d962427dc,Air Fryer French Fries Recipe,feelgoodfoodie.net,https://feelgoodfoodie.net/recipe/air-fryer-french-fries/,,,
candidate-5e3029a3-1aeb402e,0.7349531978438228,0.0650468021561772,5e3029a3d3983f61ab6b7a7f,Air Fryer Chicken Parmesan,thepioneerwoman.com,https://www.thepioneerwoman.com/food-cooking/recipes/a39476632/air-fryer-chicken-parmesan-recipe/,1aeb402e10052ff85718163f,Air Fryer Chicken Parmesan,thestayathomechef.com,https://thestayathomechef.com/air-fryer-chicken-parmesan/,,,
candidate-37877d76-b6941f25,0.7348691309901338,0.0651308690098662,37877d7685c150154eb5207b,Air Fryer Baked Potato,airfryingfoodie.com,https://airfryingfoodie.com/air-fryer-baked-potato/,b6941f2592e0975024c94f01,Crispy Air Fryer Baked Potatoes,allrecipes.com,https://www.allrecipes.com/recipe/285307/crispy-air-fryer-baked-potatoes/,,,
candidate-ad5f262f-c0218d8f,0.7348351921800826,0.0651648078199174,ad5f262fea91cb0fb67f4bb3,Air Fryer Chicken Tender Recipe,feelgoodfoodie.net,https://feelgoodfoodie.net/recipe/air-fryer-chicken-tenders/,c0218d8fec9746725ff47674,Air Fryer Chicken Tenders,wellplated.com,https://www.wellplated.com/air-fryer-chicken-tenders/,,,
candidate-c5f404f0-c7c4bdc8,0.7348109034959099,0.0651890965040901,c5f404f0b824f77df2d8a853,Air Fryer Cauliflower,airfryingfoodie.com,https://airfryingfoodie.com/air-fryer-cauliflower/,c7c4bdc8afaacef6ac35ca54,Air Fryer Cauliflower Recipe,feelgoodfoodie.net,https://feelgoodfoodie.net/recipe/air-fryer-cauliflower/,,,
candidate-1ac80f52-8fec6159,0.7347944754289152,0.06520552457108486,1ac80f52a7069fd7527e16c3,Air Fryer Chicken Thigh Recipe,feelgoodfoodie.net,https://feelgoodfoodie.net/recipe/air-fryer-chicken-thighs/,8fec61591e93cc64a5bba814,Air Fryer Chicken Thighs,spendwithpennies.com,https://www.spendwithpennies.com/air-fryer-chicken-thighs/,,,
candidate-82a50e52-903cc43c,0.7347314461453182,0.06526855385468189,82a50e527315854a59e0bad7,Air Fryer Sweet Potato Fries,therecipecritic.com,https://therecipecritic.com/air-fryer-sweet-potato-fries/,903cc43c6a2823811fb98172,Crispy Air Fryer Sweet Potato Fries,everydayfamilycooking.com,https://www.everydayfamilycooking.com/air-fryer-sweet-potato-fries/,,,
candidate-cee38a3a-7493ced6,0.7345525568181818,0.06544744318181828,cee38a3acf319dcb773c910d,Air Fryer Frozen French Fries,airfryingfoodie.com,https://airfryingfoodie.com/air-fryer-frozen-french-fries/,7493ced6dc744ce1717b7453,Air Fryer Frozen French Fries,therecipecritic.com,https://therecipecritic.com/air-fryer-frozen-french-fries/,,,
candidate-5859f506-ccf82a86,0.7341467921772584,0.06585320782274162,5859f50658c429693fb2c266,Crispy Air Fryer Chickpeas,iheartnaptime.net,https://www.iheartnaptime.net/air-fryer-chickpeas/,ccf82a8600e30711fb602fe0,Air Fryer Chickpeas,allrecipes.com,https://www.allrecipes.com/recipe/8529798/air-fryer-chickpeas/,,,
candidate-20f5fefc-8f034497,0.7336666339098532,0.06633336609014684,20f5fefc9f88217bae032c16,Air Fryer French Fries,airfryingfoodie.com,https://airfryingfoodie.com/air-fryer-french-fries/,8f034497f895872be765ee08,Air Fryer French Fries,thestayathomechef.com,https://thestayathomechef.com/air-fryer-french-fries/,,,
candidate-6d3c99a0-6082b7b2,0.7332262400083512,0.0667737599916488,6d3c99a07a4bfbe4536b201d,Crispy Air Fryer Chicken Wings,everydayfamilycooking.com,https://www.everydayfamilycooking.com/air-fryer-chicken-wings/,6082b7b2a6d5352d0f22a6eb,Air Fryer Chicken Wings,rachelcooks.com,https://www.rachelcooks.com/air-fryer-chicken-wings-so-crispy/,,,
candidate-ffaa7fd3-ea785f53,0.7328299938326828,0.06717000616731728,ffaa7fd30eac68570f06220f,BEST Air Fryer Chicken Breast,kristineskitchenblog.com,https://kristineskitchenblog.com/air-fryer-chicken-breast/,ea785f53bf5bd1ca27717b6b,Air Fryer Chicken Breast,dinneratthezoo.com,https://www.dinneratthezoo.com/air-fryer-chicken-breast/,,,
candidate-20f5fefc-dc1118f8,0.7328269139095032,0.06717308609049688,20f5fefc9f88217bae032c16,Air Fryer French Fries,airfryingfoodie.com,https://airfryingfoodie.com/air-fryer-french-fries/,dc1118f8042b09799c636658,Air Fryer French Fries,eatingbirdfood.com,https://www.eatingbirdfood.com/air-fryer-french-fries/,,,
candidate-20f5fefc-480f29b8,0.7328125000000001,0.06718749999999996,20f5fefc9f88217bae032c16,Air Fryer French Fries,airfryingfoodie.com,https://airfryingfoodie.com/air-fryer-french-fries/,480f29b8b6b429b495cffe04,The Best Air Fryer French Fries,kristineskitchenblog.com,https://kristineskitchenblog.com/air-fryer-french-fries/,,,
candidate-ccf82a86-fcd805f9,0.7326521041757286,0.06734789582427148,ccf82a8600e30711fb602fe0,Air Fryer Chickpeas,allrecipes.com,https://www.allrecipes.com/recipe/8529798/air-fryer-chickpeas/,fcd805f90185e1ea1022d291,Crispy Air Fryer Chickpeas,allrecipes.com,https://www.allrecipes.com/recipe/8533853/crispy-air-fryer-chickpeas/,,,
candidate-0623f637-ffe24a3d,0.7323088842975206,0.06769111570247943,0623f6370c5748fb9fd82c88,Air Fryer Baked Potatoes,budgetbytes.com,https://www.budgetbytes.com/air-fryer-baked-potatoes/,ffe24a3d66c07d7383887159,Air Fryer Baked Potato,downshiftology.com,https://downshiftology.com/recipes/air-fryer-baked-potato/,,,
candidate-0a6f526b-5f212d77,0.7321856019302861,0.0678143980697139,0a6f526b66c893d929e6b426,Baked Potato In Air Fryer,theyummybowl.com,https://theyummybowl.com/baked-potato-in-air-fryer/,5f212d77c498fc176d2d1b02,Crispy Air Fryer Baked Potato,everydayfamilycooking.com,https://www.everydayfamilycooking.com/air-fryer-baked-potato/,,,
candidate-a4a1e376-6082b7b2,0.7318766118633141,0.06812338813668595,a4a1e376cfaa82cf22b3ca02,Air Fryer Chicken Wings,eatingbirdfood.com,https://www.eatingbirdfood.com/air-fryer-chicken-wings/,6082b7b2a6d5352d0f22a6eb,Air Fryer Chicken Wings,rachelcooks.com,https://www.rachelcooks.com/air-fryer-chicken-wings-so-crispy/,,,
candidate-5d1ad5fb-acd32314,0.7312448327117927,0.0687551672882073,5d1ad5fbd15439662ae171cc,Air Fryer Onion Rings,thepioneerwoman.com,https://www.thepioneerwoman.com/food-cooking/recipes/a44040654/air-fryer-onion-rings-recipe/,acd32314d90e7723334d647d,Air Fryer Onion Rings,platedcravings.com,https://platedcravings.com/air-fryer-onion-rings/,,,
candidate-90b5b33c-c17aba8e,0.7311656396713615,0.06883436032863854,90b5b33c48ca53c4fef95165,Air Fryer Cauliflower,downshiftology.com,https://downshiftology.com/recipes/air-fryer-cauliflower/,c17aba8eb8b20c992702921f,Air Fryer Cauliflower,rachelcooks.com,https://www.rachelcooks.com/air-fryer-cauliflower/,,,
candidate-b15c175a-bff0eb42,0.7311016414141414,0.06889835858585869,b15c175abf8f06d1d090640d,Crispy Air Fryer Chicken Wings,therecipecritic.com,https://therecipecritic.com/air-fryer-chicken-wings/,bff0eb42d11d6421d78fc140,Crispy Air Fryer Chicken Wings,airfryingfoodie.com,https://airfryingfoodie.com/air-fryer-chicken-wings/,,,
candidate-b6941f25-5f212d77,0.7304033128718296,0.06959668712817046,b6941f2592e0975024c94f01,Crispy Air Fryer Baked Potatoes,allrecipes.com,https://www.allrecipes.com/recipe/285307/crispy-air-fryer-baked-potatoes/,5f212d77c498fc176d2d1b02,Crispy Air Fryer Baked Potato,everydayfamilycooking.com,https://www.everydayfamilycooking.com/air-fryer-baked-potato/,,,
candidate-55ce1f17-dc0e6f2a,0.7303875605884987,0.0696124394115013,55ce1f172e6c28dc9655ebaa,Air Fryer Stuffed Pepper Recipe,feelgoodfoodie.net,https://feelgoodfoodie.net/recipe/air-fryer-stuffed-peppers/,dc0e6f2ac33d30c4ebf98287,Air Fryer Stuffed Peppers,spendwithpennies.com,https://www.spendwithpennies.com/air-fryer-stuffed-peppers/,,,
candidate-20f5fefc-a7c8a6f8,0.7303592364976295,0.06964076350237058,20f5fefc9f88217bae032c16,Air Fryer French Fries,airfryingfoodie.com,https://airfryingfoodie.com/air-fryer-french-fries/,a7c8a6f8820c9da00b7da903,Air Fryer French Fries,platedcravings.com,https://platedcravings.com/air-fryer-french-fries/,,,
candidate-0cf3705b-7dcf071c,0.7302770243774916,0.0697229756225084,0cf3705b4b78fabba1fed35a,Air Fryer Green Beans,feelgoodfoodie.net,https://feelgoodfoodie.net/recipe/air-fryer-green-beans/,7dcf071c65fccf19be3c903c,Air Fryer Green Beans,airfryingfoodie.com,https://airfryingfoodie.com/air-fryer-green-beans/,,,
candidate-c6776d27-fd252ea7,0.7301363776309896,0.06986362236901045,c6776d27ccc4a4dee3e373ef,Air Fryer Foster Farms Corn Dogs,forktospoon.com,https://forktospoon.com/air-fryer-foster-farms-corn-dogs/,fd252ea702fe1eabbedac7ae,Easy Air Fryer Corn Dogs,everydayfamilycooking.com,https://www.everydayfamilycooking.com/air-fryer-corn-dogs/,,,
candidate-83386f06-e8261980,0.7296841179653679,0.07031588203463213,83386f06590ce5ac6c94495c,Air Fryer Chicken Thighs,therecipecritic.com,https://therecipecritic.com/air-fryer-chicken-thighs/,e8261980fac38b3851caec33,Air-Fryer Chicken Thighs,tasteofhome.com,https://www.tasteofhome.com/recipes/air-fryer-chicken-thighs/,,,
candidate-57748c95-494db0de,0.7295691287878788,0.07043087121212122,57748c95b2f698859f0a5f42,Air Fryer Asparagus,budgetbytes.com,https://www.budgetbytes.com/air-fryer-asparagus/,494db0de9923f600cd56c971,Air Fryer Asparagus,eatingbirdfood.com,https://www.eatingbirdfood.com/air-fryer-asparagus/,,,
candidate-1cfa1e58-4eb2e945,0.7290897667673235,0.07091023323267653,1cfa1e581f933f0f9a4807b4,Air Fryer Cauliflower,spendwithpennies.com,https://www.spendwithpennies.com/air-fryer-cauliflower/,4eb2e945bb92881df089b012,"Air Fryer Cauliflower (Crispy, Easy Recipe)",wholesomeyum.com,https://www.wholesomeyum.com/air-fryer-cauliflower/,,,
candidate-82764e3e-2cc3e9fe,0.728793342074592,0.07120665792540803,82764e3eb8bf5910aea746fc,Air Fryer Chicken Parmesan,spendwithpennies.com,https://www.spendwithpennies.com/air-fryer-chicken-parmesan/,2cc3e9feeac02986cc0da8e7,Air-Fryer Chicken Parmesan,tasteofhome.com,https://www.tasteofhome.com/recipes/air-fryer-chicken-parmesan/,,,
candidate-20f5fefc-ceefd55c,0.7286608987603306,0.07133910123966947,20f5fefc9f88217bae032c16,Air Fryer French Fries,airfryingfoodie.com,https://airfryingfoodie.com/air-fryer-french-fries/,ceefd55ca7ccd4bdea91c926,Air Fryer French Fries,natashaskitchen.com,https://natashaskitchen.com/air-fryer-french-fries/,,,
candidate-a0cd071b-44398bec,0.7286063954049286,0.07139360459507149,a0cd071ba6d035614a331727,Air Fryer Hamburgers,therecipecritic.com,https://therecipecritic.com/air-fryer-hamburgers/,44398becf949a847541e6ba2,Air Fryer Hamburgers,spendwithpennies.com,https://www.spendwithpennies.com/air-fryer-hamburgers/,,,
candidate-4eec46bf-e8261980,0.7279064946715964,0.07209350532840364,4eec46bf950bcb57b4654fd6,Air Fryer Chicken Thighs,eatingbirdfood.com,https://www.eatingbirdfood.com/air-fryer-chicken-thighs/,e8261980fac38b3851caec33,Air-Fryer Chicken Thighs,tasteofhome.com,https://www.tasteofhome.com/recipes/air-fryer-chicken-thighs/,,,
candidate-d1eaa45f-9d0a8489,0.7278785093582887,0.07212149064171136,d1eaa45f9adbd6ce3bf194c0,Air Fryer Deviled Eggs,airfryingfoodie.com,https://airfryingfoodie.com/air-fryer-deviled-eggs/,9d0a848951bfe141f429a89f,Air Fryer Deviled Eggs,forktospoon.com,https://forktospoon.com/air-fryer-air-fried-classic-deviled-eggs/,,,
candidate-0623f637-b137b15d,0.7277365845959596,0.07226341540404047,0623f6370c5748fb9fd82c88,Air Fryer Baked Potatoes,budgetbytes.com,https://www.budgetbytes.com/air-fryer-baked-potatoes/,b137b15d69cfd2a11d9b73cc,Air Fryer Baked Potatoes Recipe,temeculablogs.com,https://temeculablogs.com/air-fryer-baked-potatoes/,,,
candidate-0864464c-48268c4e,0.7274929505884201,0.07250704941157993,0864464c21408d1ba612dc28,Air Fryer Sweet Potato Fries,airfryingfoodie.com,https://airfryingfoodie.com/air-fryer-sweet-potato-fries/,48268c4eca16f3fe292548f1,Air Fryer Sweet Potato Fries,wellplated.com,https://www.wellplated.com/air-fryer-sweet-potato-fries/,,,
candidate-37877d76-46592443,0.7274516798210913,0.07254832017890878,37877d7685c150154eb5207b,Air Fryer Baked Potato,airfryingfoodie.com,https://airfryingfoodie.com/air-fryer-baked-potato/,46592443be981618bd315984,Air Fryer Baked Potatoes,diethood.com,https://diethood.com/air-fryer-baked-potatoes/,,,
candidate-1fa5622b-cabc7434,0.7272754263965202,0.07272457360347984,1fa5622b8b6b2eed8fa10ff4,Frozen Chicken Breast Air Fryer,airfryingfoodie.com,https://airfryingfoodie.com/frozen-chicken-breast-in-air-fryer/,cabc74343c20da9ad4e40fad,Air Fryer Chicken Breasts,spendwithpennies.com,https://www.spendwithpennies.com/air-fryer-chicken-breasts/,,,
candidate-04a8967d-fd279b1f,0.7271227520962048,0.07287724790379524,04a8967d2bf25b66fb1b661f,Air Fryer Chicken Thighs,allrecipes.com,https://www.allrecipes.com/recipe/272858/air-fryer-chicken-thighs/,fd279b1fcef25ef1a1e7a614,Air Fryer Chicken Thighs,rachelcooks.com,https://www.rachelcooks.com/air-fryer-chicken-thighs/,,,
candidate-1fcadbdf-37877d76,0.7270279935430252,0.07297200645697488,1fcadbdfef8be4eee05088ca,Air Fryer Baked Potatoes,spendwithpennies.com,https://www.spendwithpennies.com/air-fryer-baked-potatoes/,37877d7685c150154eb5207b,Air Fryer Baked Potato,airfryingfoodie.com,https://airfryingfoodie.com/air-fryer-baked-potato/,,,
candidate-1faa2089-1cfa1e58,0.7268063446969697,0.07319365530303035,1faa208916adfe9cc3892e76,Crispy Air Fryer Cauliflower,therecipecritic.com,https://therecipecritic.com/air-fryer-cauliflower/,1cfa1e581f933f0f9a4807b4,Air Fryer Cauliflower,spendwithpennies.com,https://www.spendwithpennies.com/air-fryer-cauliflower/,,,
candidate-20d99bea-94bd07a1,0.7266246747780839,0.07337532522191614,20d99bea6c995455a24e654c,Air Fryer Sweet Potato Cubes,airfryingfoodie.com,https://airfryingfoodie.com/air-fryer-sweet-potato-cubes/,94bd07a1d263665d717f4ab7,Air Fryer Sweet Potato Fries Recipe,feelgoodfoodie.net,https://feelgoodfoodie.net/recipe/air-fryer-sweet-potato-fries/,,,
candidate-0864464c-fd5c1f6f,0.7265408136710617,0.07345918632893833,0864464c21408d1ba612dc28,Air Fryer Sweet Potato Fries,airfryingfoodie.com,https://airfryingfoodie.com/air-fryer-sweet-potato-fries/,fd5c1f6f10c808cd31f0e55d,Air Fryer Sweet Potato Fries,wholesomeyum.com,https://www.wholesomeyum.com/air-fryer-sweet-potato-fries/,,,
candidate-20f5fefc-7752d4cd,0.7265105828017012,0.07348941719829882,20f5fefc9f88217bae032c16,Air Fryer French Fries,airfryingfoodie.com,https://airfryingfoodie.com/air-fryer-french-fries/,7752d4cd9bc4ca44f7c3b8d9,Air Fryer French Fries,allrecipes.com,https://www.allrecipes.com/recipe/278581/air-fryer-french-fries/,,,
candidate-0ea83de4-e2f71b61,0.7263257575757576,0.07367424242424248,0ea83de45e5838d9144e8878,Air Fryer Chicken Thighs,budgetbytes.com,https://www.budgetbytes.com/air-fryer-chicken-thighs/,e2f71b61b026cd9c544f699a,Air Fryer Fried Chicken Thighs,theyummybowl.com,https://theyummybowl.com/air-fryer-fried-chicken-thighs/,,,
candidate-30638a4c-ccf82a86,0.7260861280487805,0.07391387195121957,30638a4c855ec61fd6fb1353,Air Fryer Chickpea Recipe,feelgoodfoodie.net,https://feelgoodfoodie.net/recipe/air-fryer-chickpeas/,ccf82a8600e30711fb602fe0,Air Fryer Chickpeas,allrecipes.com,https://www.allrecipes.com/recipe/8529798/air-fryer-chickpeas/,,,
candidate-04a8967d-6d01b5a8,0.7260612730439064,0.0739387269560936,04a8967d2bf25b66fb1b661f,Air Fryer Chicken Thighs,allrecipes.com,https://www.allrecipes.com/recipe/272858/air-fryer-chicken-thighs/,6d01b5a8f662a13f408082af,Air Fryer Chicken Thighs,airfryingfoodie.com,https://airfryingfoodie.com/air-fryer-chicken-thighs/,,,
candidate-94bd07a1-79ce8a08,0.725676667082917,0.07432333291708304,94bd07a1d263665d717f4ab7,Air Fryer Sweet Potato Fries Recipe,feelgoodfoodie.net,https://feelgoodfoodie.net/recipe/air-fryer-sweet-potato-fries/,79ce8a08b57267c3e34b2d6b,Air Fryer Sweet Potato Fries,eatingbirdfood.com,https://www.eatingbirdfood.com/air-fryer-sweet-potato-fries/,,,
candidate-da2155fe-320dee85,0.7256077936224995,0.07439220637750055,da2155fe966f099ace102548,Air Fryer Salmon,feelgoodfoodie.net,https://feelgoodfoodie.net/recipe/air-fryer-salmon/,320dee8591cf0777017f35d6,Air-Fryer Salmon,tasteofhome.com,https://www.tasteofhome.com/recipes/air-fryer-salmon/,,,
candidate-2ae95c72-bbf6ce63,0.7255037352693602,0.07449626473063986,2ae95c7220614d99b4e169b9,Air Fryer Pork Chops,therecipecritic.com,https://therecipecritic.com/air-fryer-pork-chops/,bbf6ce63f62f80e7a5766c72,Easy Air Fryer Pork Chops,everydayfamilycooking.com,https://www.everydayfamilycooking.com/air-fryer-pork-chops/,,,
candidate-90b5b33c-1cfa1e58,0.7252374787045092,0.07476252129549088,90b5b33c48ca53c4fef95165,Air Fryer Cauliflower,downshiftology.com,https://downshiftology.com/recipes/air-fryer-cauliflower/,1cfa1e581f933f0f9a4807b4,Air Fryer Cauliflower,spendwithpennies.com,https://www.spendwithpennies.com/air-fryer-cauliflower/,,,
candidate-03a5e60b-ed5928d3,0.7252123599779849,0.0747876400220151,03a5e60bce56c8de056f67b7,Air Fryer Calamari,allrecipes.com,https://www.allrecipes.com/recipe/280571/air-fryer-calamari/,ed5928d30d8423efb3541e02,Air Fryer Calamari,airfryingfoodie.com,https://airfryingfoodie.com/air-fryer-calamari/,,,
candidate-25395351-8fec6159,0.7241866206709957,0.07581337932900434,253953519221c1350e13780e,Air Fryer Chicken Thighs,platedcravings.com,https://platedcravings.com/air-fryer-chicken-thighs/,8fec61591e93cc64a5bba814,Air Fryer Chicken Thighs,spendwithpennies.com,https://www.spendwithpennies.com/air-fryer-chicken-thighs/,,,
candidate-3e73f261-8fec6159,0.7241588007086999,0.07584119929130018,3e73f26176c04e594f5f14c2,Air Fryer Chicken Thighs,skinnytaste.com,https://www.skinnytaste.com/air-fryer-chicken-thighs/,8fec61591e93cc64a5bba814,Air Fryer Chicken Thighs,spendwithpennies.com,https://www.spendwithpennies.com/air-fryer-chicken-thighs/,,,
candidate-e2391acf-48268c4e,0.724067158479961,0.0759328415200391,e2391acfe430a17234506c1b,Air Fryer Sweet Potato Fries,skinnytaste.com,https://www.skinnytaste.com/crispy-air-fryer-sweet-potato-fries/,48268c4eca16f3fe292548f1,Air Fryer Sweet Potato Fries,wellplated.com,https://www.wellplated.com/air-fryer-sweet-potato-fries/,,,
candidate-89a9c7ce-8ddcbdc5,0.7240224408193158,0.07597755918068427,89a9c7ceae5f993f798314c4,Air Fryer Salmon,eatingbirdfood.com,https://www.eatingbirdfood.com/air-fryer-salmon/,8ddcbdc5c51277300816eeaa,Air Fryer Salmon,spendwithpennies.com,https://www.spendwithpennies.com/air-fryer-salmon/,,,
candidate-4cae70b3-bbf6ce63,0.7238427473262032,0.0761572526737968,4cae70b321e3442013a83d0d,Air Fryer Pork Chops,natashaskitchen.com,https://natashaskitchen.com/air-fryer-pork-chops-recipe/,bbf6ce63f62f80e7a5766c72,Easy Air Fryer Pork Chops,everydayfamilycooking.com,https://www.everydayfamilycooking.com/air-fryer-pork-chops/,,,
candidate-7dbca4c8-b2a1f6dd,0.7235162461423789,0.07648375385762118,7dbca4c8d97c28e19871bbb5,Air Fryer Baked Potato Recipe,natashaskitchen.com,https://natashaskitchen.com/air-fryer-baked-potatoes/,b2a1f6dd51feeb36520b9460,Air Fryer Baked Potato,eatingbirdfood.com,https://www.eatingbirdfood.com/air-fryer-baked-potato/,,,
candidate-a920de37-903cc43c,0.7234256628787878,0.0765743371212122,a920de372ddf25a5074e5835,Air Fryer Sweet Potato Fries,budgetbytes.com,https://www.budgetbytes.com/air-fryer-sweet-potato-fries/,903cc43c6a2823811fb98172,Crispy Air Fryer Sweet Potato Fries,everydayfamilycooking.com,https://www.everydayfamilycooking.com/air-fryer-sweet-potato-fries/,,,
candidate-b15c175a-a4a1e376,0.7232988365800865,0.07670116341991351,b15c175abf8f06d1d090640d,Crispy Air Fryer Chicken Wings,therecipecritic.com,https://therecipecritic.com/air-fryer-chicken-wings/,a4a1e376cfaa82cf22b3ca02,Air Fryer Chicken Wings,eatingbirdfood.com,https://www.eatingbirdfood.com/air-fryer-chicken-wings/,,,
candidate-d719625d-4e444b16,0.7228643542277615,0.07713564577223853,d719625d82c431276520553d,Air Fryer Salmon,kristineskitchenblog.com,https://kristineskitchenblog.com/air-fryer-salmon/,4e444b1672b43c4714caf2ab,Easy Air Fryer Salmon,everydayfamilycooking.com,https://www.everydayfamilycooking.com/air-fryer-salmon/,,,
candidate-1fa5622b-07680a1b,0.722721161550789,0.07727883844921102,1fa5622b8b6b2eed8fa10ff4,Frozen Chicken Breast Air Fryer,airfryingfoodie.com,https://airfryingfoodie.com/frozen-chicken-breast-in-air-fryer/,07680a1ba3481805db83cabe,Air Fryer Chicken Breast,wellplated.com,https://www.wellplated.com/air-fryer-chicken-breast/,,,
candidate-769ef6f8-d2239b01,0.7219341856060607,0.07806581439393934,769ef6f8e569dd60637a909b,Air Fryer Corn Ribs,allrecipes.com,https://www.allrecipes.com/recipe/283356/air-fryer-corn-ribs/,d2239b0190a04bb45502091a,Air Fryer Corn Ribs,forktospoon.com,https://forktospoon.com/air-fryer-corn-ribs/,,,
candidate-e2391acf-fd5c1f6f,0.7219065656565657,0.0780934343434343,e2391acfe430a17234506c1b,Air Fryer Sweet Potato Fries,skinnytaste.com,https://www.skinnytaste.com/crispy-air-fryer-sweet-potato-fries/,fd5c1f6f10c808cd31f0e55d,Air Fryer Sweet Potato Fries,wholesomeyum.com,https://www.wholesomeyum.com/air-fryer-sweet-potato-fries/,,,
candidate-1160491e-bbf6ce63,0.7214176829268293,0.07858231707317076,1160491ef319233423690a40,BEST Air Fryer Pork Chops,kristineskitchenblog.com,https://kristineskitchenblog.com/air-fryer-pork-chops/,bbf6ce63f62f80e7a5766c72,Easy Air Fryer Pork Chops,everydayfamilycooking.com,https://www.everydayfamilycooking.com/air-fryer-pork-chops/,,,
candidate-7dbca4c8-afa95353,0.7211835728609626,0.07881642713903747,7dbca4c8d97c28e19871bbb5,Air Fryer Baked Potato Recipe,natashaskitchen.com,https://natashaskitchen.com/air-fryer-baked-potatoes/,afa953530b267c6f444e727a,Air Fryer Baked Potato,loveandlemons.com,https://www.loveandlemons.com/air-fryer-baked-potato/,,,
candidate-b137b15d-5f212d77,0.7211640553259872,0.07883594467401289,b137b15d69cfd2a11d9b73cc,Air Fryer Baked Potatoes Recipe,temeculablogs.com,https://temeculablogs.com/air-fryer-baked-potatoes/,5f212d77c498fc176d2d1b02,Crispy Air Fryer Baked Potato,everydayfamilycooking.com,https://www.everydayfamilycooking.com/air-fryer-baked-potato/,,,
candidate-5859f506-9f0b7fcc,0.7210488935406699,0.07895110645933012,5859f50658c429693fb2c266,Crispy Air Fryer Chickpeas,iheartnaptime.net,https://www.iheartnaptime.net/air-fryer-chickpeas/,9f0b7fccf9c588be82b1cfd2,Air Fryer Chickpeas,everydayfamilycooking.com,https://www.everydayfamilycooking.com/air-fryer-chickpeas/,,,
candidate-1160491e-c228eac2,0.7209061958477739,0.07909380415222611,1160491ef319233423690a40,BEST Air Fryer Pork Chops,kristineskitchenblog.com,https://kristineskitchenblog.com/air-fryer-pork-chops/,c228eac2c0163467de0fc65f,Air Fryer Pork Chops,dinneratthezoo.com,https://www.dinneratthezoo.com/air-fryer-pork-chops/,,,
candidate-671ca427-e9806f46,0.7206439393939393,0.07935606060606071,671ca42756bb251775914bdd,Air Fryer Mozzarella Sticks,rachelcooks.com,https://www.rachelcooks.com/air-fryer-mozzarella-sticks/,e9806f46a5734d2c36ff5b4f,Air Fryer Mozzarella Sticks,spendwithpennies.com,https://www.spendwithpennies.com/air-fryer-mozzarella-sticks/,,,
candidate-2d6f1a33-9dee5f09,0.8861215134297521,0.08612151342975205,2d6f1a33c372cb7af99742b7,Air Fryer Chocolate Chip Muffins,airfryingfoodie.com,https://airfryingfoodie.com/air-fryer-chocolate-chip-muffins/,9dee5f094ce1673f9553c479,Air Fryer Chocolate Chip Muffins,forktospoon.com,https://forktospoon.com/air-fryer-chocolate-chip-muffins/,,,
candidate-7dbca4c8-0a6f526b,0.8861554605627503,0.08615546056275025,7dbca4c8d97c28e19871bbb5,Air Fryer Baked Potato Recipe,natashaskitchen.com,https://natashaskitchen.com/air-fryer-baked-potatoes/,0a6f526b66c893d929e6b426,Baked Potato In Air Fryer,theyummybowl.com,https://theyummybowl.com/baked-potato-in-air-fryer/,,,
candidate-0864464c-94bd07a1,0.8868137544273909,0.08681375442739081,0864464c21408d1ba612dc28,Air Fryer Sweet Potato Fries,airfryingfoodie.com,https://airfryingfoodie.com/air-fryer-sweet-potato-fries/,94bd07a1d263665d717f4ab7,Air Fryer Sweet Potato Fries Recipe,feelgoodfoodie.net,https://feelgoodfoodie.net/recipe/air-fryer-sweet-potato-fries/,,,
candidate-081a1dc5-d13a1869,0.9086817564229249,0.10868175642292488,081a1dc5e3eb07bdd8388bc2,Air Fryer Toast,airfryingfoodie.com,https://airfryingfoodie.com/air-fryer-toast/,d13a1869106fcc4442826446,Air Fryer Toast,platedcravings.com,https://platedcravings.com/air-fryer-toast/,,,
candidate-7506bc83-a4b9ea71,0.9114726195141066,0.11147261951410659,7506bc83690acf521e36d875,Air Fryer Hot Dogs,airfryingfoodie.com,https://airfryingfoodie.com/air-fryer-hot-dogs/,a4b9ea715a076b14694df9f7,Air Fryer Hot Dogs,delish.com,https://www.delish.com/cooking/recipe-ideas/a36256031/air-fryer-hot-dogs-recipe/,,,
candidate-dd6f99f8-52f68e93,0.9120107323232324,0.11201073232323233,dd6f99f8eca965cf25075f5f,Air Fryer Asparagus,spendwithpennies.com,https://www.spendwithpennies.com/air-fryer-asparagus/,52f68e93427d0543c1ee39d1,Air Fryer Asparagus,kristineskitchenblog.com,https://kristineskitchenblog.com/air-fryer-asparagus/,,,
