recipe_id,title,source,combined_sources,url,rating,rating_count,source_bias,category_expected_rating,adjusted_rating,posterior_mean,uncertainty_penalty,uncertainty_method,evidence_penalty,hierarchical_score,evidence_confidence,evidence_status,author,categories,duplicate_group_id,duplicate_confidence,last_seen_at,rank,rank_confidence,rank_stddev,rank_range_low,rank_range_high,top10_frequency,top50_frequency,simulation_count,review_growth_7d,review_growth_30d,rating_trend_30d,rating_slope_30d_per_day,review_slope_30d_per_day,review_velocity_7d,review_velocity_previous_7d,review_acceleration_14d,page_change_count_30d,last_material_page_change_at,rating_change_point_30d,rating_change_point_delta,peak_rank,rank_volatility,days_in_top10,days_in_top50,ranking_observations,rating_change,review_count_change,review_velocity_per_day,evidence_grade,previous_rank,movement,rank_provenance
da2155fe966f099ace102548,Air Fryer Salmon,feelgoodfoodie.net,feelgoodfoodie.net,https://feelgoodfoodie.net/recipe/air-fryer-salmon/,5.0,37443,0.08537945022338056,4.837513865903298,4.914620549776619,4.914434060236806,0.025305853185083736,theoretical_max_variance,0.030000000000000006,4.859128207051722,0.65,schema_only,,Seafood,,0.0,2026-08-19T01:41:49.045406+00:00,1,1.0,0.0,1,1,1.0,1.0,36,0.0,0.0,0.0,0.0,0.0,0.0,,,1,2026-08-19T00:34:06.688272+00:00,False,,1.0,0.0,2.0,2.0,5.0,0.0,0.0,0.0,B,1.0,0.0,Raw 5.000; source/category adjustment -0.085; posterior 4.914; uncertainty -0.025 (theoretical_max_variance); evidence -0.030; final 4.859.
0cf3705b4b78fabba1fed35a,Air Fryer Green Beans,feelgoodfoodie.net,feelgoodfoodie.net | thepioneerwoman.com,https://feelgoodfoodie.net/recipe/air-fryer-green-beans/,5.0,2723,0.08537945022338056,4.788231433946001,4.914620549776619,4.912099074004448,0.09305102152735632,theoretical_max_variance,0.030000000000000006,4.789048052477092,0.65,schema_only,,Vegetables,b4574e9cd3e04a6e,0.8155628551136365,2026-08-19T01:41:49.045406+00:00,2,1.0,0.0,2,2,1.0,1.0,36,0.0,0.0,0.0,0.0,0.0,0.0,,,1,2026-08-19T01:41:49.045406+00:00,False,,2.0,22.312328430712917,1.0,1.0,5.0,0.0,0.0,0.0,B,2.0,0.0,Raw 5.000; source/category adjustment -0.085; posterior 4.912; uncertainty -0.093 (theoretical_max_variance); evidence -0.030; final 4.789.
a66107cdbfdeec0c776d00fd,Air Fryer Hard Boiled Eggs,feelgoodfoodie.net,airfryingfoodie.com | feelgoodfoodie.net,https://feelgoodfoodie.net/recipe/air-fryer-hard-boiled-eggs/,4.97,4331,0.08537945022338056,4.724209805068193,4.884620549776619,4.883366942765382,0.07403029047480235,theoretical_max_variance,0.030000000000000006,4.77933665229058,0.65,schema_only,,Breakfast,868fd4377db4a0cc,0.8887739991830066,2026-08-19T01:41:49.045406+00:00,3,1.0,0.0,3,3,1.0,1.0,36,0.0,0.0,0.0,0.0,0.0,0.0,,,1,2026-08-19T01:41:49.045406+00:00,False,,3.0,30.655505215213793,1.0,1.0,5.0,0.0,0.0,0.0,B,3.0,0.0,Raw 4.970; source/category adjustment -0.085; posterior 4.883; uncertainty -0.074 (theoretical_max_variance); evidence -0.030; final 4.779.
2b28fee1a6b105ddc0d7ab53,Air Fryer Chicken Wings,natashaskitchen.com,natashaskitchen.com,https://natashaskitchen.com/air-fryer-chicken-wings/,4.99,1028,0.06605742698778092,4.800714001271233,4.923942573012219,4.917024063292359,0.1492405014489273,theoretical_max_variance,0.030000000000000006,4.737783561843432,0.65,schema_only,,Chicken,,0.0,2026-08-19T01:41:49.045406+00:00,4,1.0,0.0,4,4,1.0,1.0,36,0.0,0.0,0.0,0.0,0.0,0.0,,,1,2026-08-19T01:41:49.045406+00:00,False,,4.0,0.0,1.0,1.0,1.0,0.0,0.0,0.0,B,4.0,0.0,Raw 4.990; source/category adjustment -0.066; posterior 4.917; uncertainty -0.149 (theoretical_max_variance); evidence -0.030; final 4.738.
7dbca4c8d97c28e19871bbb5,Air Fryer Baked Potato Recipe,natashaskitchen.com,natashaskitchen.com,https://natashaskitchen.com/air-fryer-baked-potatoes/,5.0,509,0.06605742698778092,4.795081313505678,4.933942573012219,4.919706162496996,0.20724791787452865,theoretical_max_variance,0.030000000000000006,4.682458244622467,0.65,schema_only,,Potatoes,,0.0,2026-08-19T01:41:49.045406+00:00,5,0.8523658961269199,0.4330127018922193,5,6,1.0,1.0,36,0.0,0.0,0.0,0.0,0.0,0.0,,,1,2026-08-19T01:41:49.045406+00:00,False,,5.0,0.0,1.0,1.0,1.0,0.0,0.0,0.0,B,5.0,0.0,Raw 5.000; source/category adjustment -0.066; posterior 4.920; uncertainty -0.207 (theoretical_max_variance); evidence -0.030; final 4.682.
267290180608cac2d366d538,Air Fryer French Fries,loveandlemons.com,loveandlemons.com,https://www.loveandlemons.com/air-fryer-french-fries/,4.98,248,0.034055810512239715,4.794834161548771,4.9459441894877605,4.917225282434785,0.25,theoretical_max_variance,0.030000000000000006,4.637225282434785,0.65,schema_only,"Jeanine Donofrio, Phoebe Moore",Potatoes | Snacks,,0.0,2026-08-19T01:41:49.045406+00:00,6,0.8572334690118265,0.4330127018922193,6,7,1.0,1.0,36,0.0,0.0,0.0,0.0,0.0,0.0,,,1,2026-08-19T01:41:49.045406+00:00,False,,7.0,0.0,1.0,1.0,1.0,0.0,0.0,0.0,B,7.0,1.0,Raw 4.980; source/category adjustment -0.034; posterior 4.917; uncertainty -0.250 (theoretical_max_variance); evidence -0.030; final 4.637.
f0af83a4a410f3fc2ef59c6f,Ridiculously Good Air Fryer Salmon,pinchofyum.com,pinchofyum.com,https://pinchofyum.com/air-fryer-salmon,5.0,101,0.01271698278343343,4.837513865903298,4.9872830172165665,4.91691761530778,0.25,theoretical_max_variance,0.030000000000000006,4.636917615307779,0.65,schema_only,Lindsay Ostrom,Seafood,,0.0,2026-08-19T01:41:49.045406+00:00,7,0.6879428060868238,1.224744871391589,5,8,1.0,1.0,36,0.0,0.0,0.0,0.0,0.0,0.0,,,0,,False,,6.0,0.0,1.0,1.0,1.0,0.0,0.0,0.0,B,6.0,-1.0,Raw 5.000; source/category adjustment -0.013; posterior 4.917; uncertainty -0.250 (theoretical_max_variance); evidence -0.030; final 4.637.
cd9a0050517f91c67a8e7b2c,Air Fryer Salmon (in 15-Minutes!),downshiftology.com,downshiftology.com,https://downshiftology.com/recipes/air-fryer-salmon/,5.0,139,0.06414173299784864,4.837513865903298,4.935858267002152,4.893244837491538,0.25,theoretical_max_variance,0.030000000000000006,4.613244837491537,0.65,schema_only,Lisa Bryan,Seafood,,0.0,2026-08-19T01:41:49.045406+00:00,8,0.6956962713097083,1.224744871391589,8,11,0.75,1.0,36,0.0,0.0,0.0,0.0,0.0,0.0,,,1,2026-08-19T01:41:49.045406+00:00,False,,8.0,0.0,1.0,1.0,1.0,0.0,0.0,0.0,B,8.0,0.0,Raw 5.000; source/category adjustment -0.064; posterior 4.893; uncertainty -0.250 (theoretical_max_variance); evidence -0.030; final 4.613.
32c095b1f00bd988e07aa3da,Easy Air Fryer Pork Chops,allrecipes.com,allrecipes.com,https://www.allrecipes.com/recipe/275576/easy-air-fryer-pork-chops/,4.8,361,-0.09443772488915775,4.797518827021747,4.8944377248891575,4.879880763643765,0.24169917559682513,theoretical_max_variance,0.030000000000000006,4.60818158804694,0.65,schema_only,Nicole Russell,Pork,,0.0,2026-08-19T01:41:49.045406+00:00,9,0.38713624536767977,4.590902840279774,6,16,0.5,1.0,36,0.0,0.0,0.0,0.0,0.0,0.0,,,1,2026-08-19T01:41:49.045406+00:00,False,,10.0,0.0,1.0,1.0,1.0,0.0,0.0,0.0,B,10.0,1.0,Raw 4.800; source/category adjustment +0.094; posterior 4.880; uncertainty -0.242 (theoretical_max_variance); evidence -0.030; final 4.608.
b5ef0d7e47d6aca0959e989c,Air Fryer Breaded Chicken,feelgoodfoodie.net,feelgoodfoodie.net,https://feelgoodfoodie.net/recipe/air-fryer-chicken/,5.0,213,0.08537945022338056,4.800714001271233,4.914620549776619,4.888034799524796,0.25,theoretical_max_variance,0.030000000000000006,4.608034799524796,0.65,schema_only,,Chicken,,0.0,2026-08-19T01:41:49.045406+00:00,10,0.8092564301694538,0.7071067811865476,9,11,0.75,1.0,36,0.0,0.0,0.0,0.0,0.0,0.0,,,1,2026-08-19T01:41:49.045406+00:00,False,,9.0,0.0,1.0,1.0,1.0,0.0,0.0,0.0,B,9.0,-1.0,Raw 5.000; source/category adjustment -0.085; posterior 4.888; uncertainty -0.250 (theoretical_max_variance); evidence -0.030; final 4.608.
ceefd55ca7ccd4bdea91c926,Air Fryer French Fries,natashaskitchen.com,natashaskitchen.com,https://natashaskitchen.com/air-fryer-french-fries/,4.99,152,0.06605742698778092,4.794834161548771,4.923942573012219,4.887021021140885,0.25,theoretical_max_variance,0.030000000000000006,4.607021021140885,0.65,schema_only,,Potatoes | Snacks,,0.0,2026-08-19T01:41:49.045406+00:00,11,0.6770007636372917,1.479019945774904,9,13,0.5,1.0,36,0.0,0.0,0.0,0.0,0.0,0.0,,,1,2026-08-19T01:41:49.045406+00:00,False,,12.0,0.0,0.0,1.0,1.0,0.0,0.0,0.0,B,12.0,1.0,Raw 4.990; source/category adjustment -0.066; posterior 4.887; uncertainty -0.250 (theoretical_max_variance); evidence -0.030; final 4.607.
e7761b00879fa03907361efe,Air Fryer Popcorn Recipe,feelgoodfoodie.net,feelgoodfoodie.net,https://feelgoodfoodie.net/recipe/air-fryer-popcorn/,5.0,203,0.08537945022338056,4.774779503452029,4.914620549776619,4.88698397935674,0.25,theoretical_max_variance,0.030000000000000006,4.606983979356739,0.65,schema_only,,,,0.0,2026-08-19T01:41:49.045406+00:00,12,0.7942109571018771,0.82915619758885,10,12,0.25,1.0,36,0.0,0.0,0.0,0.0,0.0,0.0,,,1,2026-08-19T01:41:49.045406+00:00,False,,11.0,0.0,0.0,1.0,1.0,0.0,0.0,0.0,B,11.0,-1.0,Raw 5.000; source/category adjustment -0.085; posterior 4.887; uncertainty -0.250 (theoretical_max_variance); evidence -0.030; final 4.607.
c7c4bdc8afaacef6ac35ca54,Air Fryer Cauliflower Recipe,feelgoodfoodie.net,feelgoodfoodie.net,https://feelgoodfoodie.net/recipe/air-fryer-cauliflower/,5.0,187,0.08537945022338056,4.788231433946001,4.914620549776619,4.885118219328394,0.25,theoretical_max_variance,0.030000000000000006,4.605118219328394,0.65,schema_only,,Vegetables,,0.0,2026-08-19T01:41:49.045406+00:00,13,0.7674418604651163,1.0,12,14,0.0,1.0,36,0.0,0.0,0.0,0.0,0.0,0.0,,,1,2026-08-19T01:41:49.045406+00:00,False,,13.0,0.0,0.0,1.0,1.0,0.0,0.0,0.0,B,13.0,0.0,Raw 5.000; source/category adjustment -0.085; posterior 4.885; uncertainty -0.250 (theoretical_max_variance); evidence -0.030; final 4.605.
30638a4c855ec61fd6fb1353,Air Fryer Chickpea Recipe,feelgoodfoodie.net,feelgoodfoodie.net,https://feelgoodfoodie.net/recipe/air-fryer-chickpeas/,5.0,176,0.08537945022338056,4.774779503452029,4.914620549776619,4.883682265191533,0.25,theoretical_max_variance,0.030000000000000006,4.603682265191533,0.65,schema_only,,,,0.0,2026-08-19T01:41:49.045406+00:00,14,0.7727272727272728,1.0,13,15,0.0,1.0,36,0.0,0.0,0.0,0.0,0.0,0.0,,,1,2026-08-19T01:41:49.045406+00:00,False,,14.0,0.0,0.0,1.0,1.0,0.0,0.0,0.0,B,14.0,0.0,Raw 5.000; source/category adjustment -0.085; posterior 4.884; uncertainty -0.250 (theoretical_max_variance); evidence -0.030; final 4.604.
2e6e4ee679be2636d4fd7b85,Crispy Air Fryer Bacon,natashaskitchen.com,natashaskitchen.com,https://natashaskitchen.com/air-fryer-bacon/,4.97,238,0.06605742698778092,4.7608643160449695,4.903942573012219,4.8815184289913525,0.25,theoretical_max_variance,0.030000000000000006,4.601518428991352,0.65,schema_only,,Pork | Breakfast,,0.0,2026-08-19T01:41:49.045406+00:00,15,0.6206499521706348,2.1392496088322392,9,15,0.25,1.0,36,0.0,0.0,0.0,0.0,0.0,0.0,,,1,2026-08-19T01:41:49.045406+00:00,False,,15.0,0.0,0.0,1.0,1.0,0.0,0.0,0.0,B,15.0,0.0,Raw 4.970; source/category adjustment -0.066; posterior 4.882; uncertainty -0.250 (theoretical_max_variance); evidence -0.030; final 4.602.
66a3c8077a0a3f4e3dc21a9d,Crispy Air Fryer Potatoes,lecremedelacrumb.com,lecremedelacrumb.com,https://www.lecremedelacrumb.com/air-fryer-potatoes/,4.95,120,0.03679423321798381,4.795081313505678,4.913205766782016,4.872492159920255,0.25,theoretical_max_variance,0.030000000000000006,4.592492159920255,0.65,schema_only,,Potatoes,,0.0,2026-08-19T01:41:49.045406+00:00,16,0.8490374846130432,0.6400954789890507,16,18,0.0,1.0,36,0.0,0.0,0.0,0.0,0.0,0.0,,,1,2026-08-19T01:41:49.045406+00:00,False,,16.0,0.0,0.0,1.0,1.0,0.0,0.0,0.0,B,16.0,0.0,Raw 4.950; source/category adjustment -0.037; posterior 4.872; uncertainty -0.250 (theoretical_max_variance); evidence -0.030; final 4.592.
bb163f5d0e5a570afa404aff,Air Fryer Potato Wedges,allrecipes.com,allrecipes.com,https://www.allrecipes.com/recipe/266826/air-fryer-potato-wedges/,4.8,200,-0.09443772488915775,4.795081313505678,4.8944377248891575,4.870506080601732,0.25,theoretical_max_variance,0.030000000000000006,4.590506080601732,0.65,schema_only,Nicole Russell,Potatoes,,0.0,2026-08-19T01:41:49.045406+00:00,17,0.7810040178429939,1.0374916331657278,17,20,0.0,1.0,36,0.0,0.0,0.0,0.0,0.0,0.0,,,1,2026-08-19T01:41:49.045406+00:00,False,,17.0,0.0,0.0,1.0,1.0,0.0,0.0,0.0,B,17.0,0.0,Raw 4.800; source/category adjustment +0.094; posterior 4.871; uncertainty -0.250 (theoretical_max_variance); evidence -0.030; final 4.591.
04a8967d2bf25b66fb1b661f,Air Fryer Chicken Thighs,allrecipes.com,allrecipes.com,https://www.allrecipes.com/recipe/272858/air-fryer-chicken-thighs/,4.8,186,-0.09443772488915775,4.800714001271233,4.8944377248891575,4.869086406788071,0.25,theoretical_max_variance,0.030000000000000006,4.589086406788071,0.65,schema_only,Brenda Venable,Chicken,,0.0,2026-08-19T01:41:49.045406+00:00,18,0.7855310743996516,1.0374916331657278,18,21,0.0,1.0,36,0.0,0.0,0.0,0.0,0.0,0.0,,,1,2026-08-19T01:41:49.045406+00:00,False,,18.0,0.0,0.0,1.0,1.0,0.0,0.0,0.0,B,18.0,0.0,Raw 4.800; source/category adjustment +0.094; posterior 4.869; uncertainty -0.250 (theoretical_max_variance); evidence -0.030; final 4.589.
c70c1d03d206733d235e733b,Easy Air Fryer Whole Chicken,allrecipes.com,allrecipes.com,https://www.allrecipes.com/recipe/8453018/easy-air-fryer-whole-chicken/,4.9,36,-0.09443772488915775,4.800714001271233,4.994437724889158,4.866729456611758,0.25,theoretical_max_variance,0.030000000000000006,4.586729456611757,0.65,schema_only,Soup Loving Nicole,Chicken,,0.0,2026-08-19T01:41:49.045406+00:00,19,0.5247858121980528,3.531603350069515,16,24,0.0,1.0,36,0.0,0.0,0.0,0.0,0.0,0.0,,,6,2026-08-19T01:41:49.045406+00:00,False,0.0,2.0,6.8,2.0,2.0,5.0,0.0,0.0,0.0,C,19.0,0.0,Raw 4.900; source/category adjustment +0.094; posterior 4.867; uncertainty -0.250 (theoretical_max_variance); evidence -0.030; final 4.587.
80bb9b18dc253973d38f45ce,Air Fryer Chicken Wings,allrecipes.com,allrecipes.com,https://www.allrecipes.com/recipe/270194/air-fryer-buffalo-chicken-wings/,4.9,35,-0.09443772488915775,4.800714001271233,4.994437724889158,4.865227006396729,0.25,theoretical_max_variance,0.030000000000000006,4.585227006396729,0.65,schema_only,Nicole Russell,Chicken,,0.0,2026-08-19T01:41:49.045406+00:00,20,0.5684392959060396,3.0368111930480994,18,25,0.0,1.0,36,0.0,0.0,0.0,0.0,0.0,0.0,,,5,2026-08-19T01:41:49.045406+00:00,False,0.0,3.0,6.511528238439882,2.0,2.0,5.0,0.0,0.0,0.0,C,20.0,0.0,Raw 4.900; source/category adjustment +0.094; posterior 4.865; uncertainty -0.250 (theoretical_max_variance); evidence -0.030; final 4.585.
ca3f17af3bd2baa45c69b4f8,Air Fryer Roasted Potatoes,natashaskitchen.com,natashaskitchen.com,https://natashaskitchen.com/air-fryer-potatoes/,4.98,92,0.06605742698778092,4.794834161548771,4.9139425730122195,4.864941492181167,0.25,theoretical_max_variance,0.030000000000000006,4.584941492181167,0.65,schema_only,,Potatoes | Snacks,,0.0,2026-08-19T00:46:47.191808+00:00,21,0.787622176054092,1.1055415967851332,20,23,0.0,1.0,36,0.0,0.0,0.0,0.0,0.0,0.0,,,1,2026-08-18T23:34:22.619805+00:00,False,,3.0,7.110555533852471,2.0,2.0,5.0,0.0,0.0,0.0,B,21.0,0.0,Raw 4.980; source/category adjustment -0.066; posterior 4.865; uncertainty -0.250 (theoretical_max_variance); evidence -0.030; final 4.585.
4cae70b321e3442013a83d0d,Air Fryer Pork Chops,natashaskitchen.com,natashaskitchen.com,https://natashaskitchen.com/air-fryer-pork-chops-recipe/,4.95,219,0.06605742698778092,4.797518827021747,4.883942573012219,4.863652039636719,0.25,theoretical_max_variance,0.030000000000000006,4.583652039636719,0.65,schema_only,,Pork,,0.0,2026-08-18T22:11:58.441699+00:00,22,0.5184182502266876,3.9015666369065416,16,26,0.0,1.0,36,,,,,,,,,0,,False,,23.0,0.0,0.0,1.0,1.0,0.0,0.0,0.0,B,23.0,1.0,Raw 4.950; source/category adjustment -0.066; posterior 4.864; uncertainty -0.250 (theoretical_max_variance); evidence -0.030; final 4.584.
16906f033f03d3f6ced23ae9,Basic Air Fryer Hot Dogs,allrecipes.com,allrecipes.com,https://www.allrecipes.com/recipe/268494/basic-air-fryer-hot-dogs/,4.8,134,-0.09443772488915775,4.774779503452029,4.8944377248891575,4.86192190384646,0.25,theoretical_max_variance,0.030000000000000006,4.581921903846459,0.65,schema_only,Nicole Russell,,,0.0,2026-08-19T01:41:49.045406+00:00,23,0.6879137831103089,1.9507833184532708,22,27,0.0,1.0,36,0.0,0.0,0.0,0.0,0.0,0.0,,,2,2026-08-19T01:41:49.045406+00:00,False,,25.0,0.0,0.0,1.0,1.0,0.0,0.0,0.0,B,25.0,2.0,Raw 4.800; source/category adjustment +0.094; posterior 4.862; uncertainty -0.250 (theoretical_max_variance); evidence -0.030; final 4.582.
5bb310218341b8aecfbcecfd,Ridiculously Good Air Fryer Chicken Breast,pinchofyum.com,pinchofyum.com,https://pinchofyum.com/ridiculously-good-air-fryer-chicken-breast,4.9,169,0.01271698278343343,4.800714001271233,4.887283017216567,4.861597283480371,0.25,theoretical_max_variance,0.030000000000000006,4.581597283480371,0.65,schema_only,Lindsay Ostrom,Chicken,,0.0,2026-08-18T22:11:58.441699+00:00,24,0.5641498411325524,3.39934634239519,21,29,0.0,1.0,36,,,,,,,,,0,,False,,24.0,0.0,0.0,1.0,1.0,0.0,0.0,0.0,B,24.0,0.0,Raw 4.900; source/category adjustment -0.013; posterior 4.862; uncertainty -0.250 (theoretical_max_variance); evidence -0.030; final 4.582.
5c85bd7db8add81e8fa0c53b,Air Fryer Potatoes,delish.com,delish.com,https://www.delish.com/cooking/recipe-ideas/a28414561/air-fryer-potatoes-recipe/,4.820513,39,-0.15,4.795081313505678,4.970513,4.860550361489905,0.25,theoretical_max_variance,0.030000000000000006,4.580550361489904,0.65,schema_only,Lauren Miyashiro,Potatoes,,0.0,2026-08-19T00:46:47.191808+00:00,25,0.24797364701765712,13.647089636825704,14,51,0.0,0.8333333333333334,36,0.0,0.0,0.0,0.0,0.0,0.0,,,2,2026-08-19T00:34:06.688272+00:00,False,,5.0,8.109253973085318,2.0,2.0,5.0,0.0,0.0,0.0,C,26.0,1.0,Raw 4.821; source/category adjustment +0.150; posterior 4.861; uncertainty -0.250 (theoretical_max_variance); evidence -0.030; final 4.581.
920ff352273c7a57c216f50c,Air Fryer Sausage Patties,allrecipes.com,allrecipes.com,https://www.allrecipes.com/recipe/275390/air-fryer-sausage-patties/,4.9,32,-0.09443772488915775,4.797518827021747,4.994437724889158,4.86049978498847,0.25,theoretical_max_variance,0.030000000000000006,4.580499784988469,0.65,schema_only,Yoly,Pork,,0.0,2026-08-19T01:41:49.045406+00:00,26,0.5544275832080374,3.6968455021364726,21,29,0.0,1.0,36,0.0,0.0,0.0,0.0,0.0,0.0,,,4,2026-08-19T01:41:49.045406+00:00,False,,6.0,8.109253973085318,2.0,2.0,5.0,0.0,0.0,0.0,C,27.0,1.0,Raw 4.900; source/category adjustment +0.094; posterior 4.860; uncertainty -0.250 (theoretical_max_variance); evidence -0.030; final 4.580.
e97f7a325835540c1a98fd31,Air Fryer Eggplant Parmesan,allrecipes.com,allrecipes.com,https://www.allrecipes.com/recipe/270940/air-fryer-eggplant-parmesan/,4.8,121,-0.09443772488915775,4.756220619507097,4.8944377248891575,4.859449940843214,0.25,theoretical_max_variance,0.030000000000000006,4.579449940843213,0.65,schema_only,Yoly,Vegetables | Breakfast,,0.0,2026-08-18T22:11:58.441699+00:00,27,0.7236274437277161,1.7950549357115013,25,30,0.0,1.0,36,,,,,,,,,0,,False,,28.0,0.0,0.0,1.0,1.0,0.0,0.0,0.0,B,28.0,1.0,Raw 4.800; source/category adjustment +0.094; posterior 4.859; uncertainty -0.250 (theoretical_max_variance); evidence -0.030; final 4.579.
7864d1e143a6c4bf17da3e7f,Air Fryer Baked Potato,skinnytaste.com,skinnytaste.com,https://www.skinnytaste.com/air-fryer-baked-potato/,4.98,77,0.06571108452901267,4.791656373725839,4.914288915470988,4.859363950109193,0.25,theoretical_max_variance,0.030000000000000006,4.579363950109193,0.65,schema_only,,Potatoes | Vegetables,,0.0,2026-08-19T00:46:47.191808+00:00,28,0.8747655925141689,0.6871842709362768,26,28,0.0,1.0,36,0.0,0.0,0.0,0.0,0.0,0.0,,,0,,False,,5.0,6.6452990903344595,2.0,2.0,5.0,0.0,0.0,0.0,B,22.0,-6.0,Raw 4.980; source/category adjustment -0.066; posterior 4.859; uncertainty -0.250 (theoretical_max_variance); evidence -0.030; final 4.579.
41e60f0c5cc5eb6aad2955ad,Air Fryer Salmon Croquettes,allrecipes.com,allrecipes.com,https://www.allrecipes.com/recipe/283517/air-fryer-salmon-croquettes/,4.9,31,-0.09443772488915775,4.780861835485745,4.994437724889158,4.858846230174881,0.25,theoretical_max_variance,0.030000000000000006,4.5788462301748805,0.65,schema_only,Yoly,Seafood | Breakfast,,0.0,2026-08-19T01:41:49.045406+00:00,29,0.5811468823375808,3.531603350069515,23,31,0.0,1.0,36,0.0,0.0,0.0,0.0,0.0,0.0,,,4,2026-08-19T01:41:49.045406+00:00,False,,8.0,8.4,2.0,2.0,5.0,0.0,0.0,0.0,C,29.0,0.0,Raw 4.900; source/category adjustment +0.094; posterior 4.859; uncertainty -0.250 (theoretical_max_variance); evidence -0.030; final 4.579.
8f79976602b8d17fd7f94453,Juicy Air Fryer Meatballs,spendwithpennies.com,spendwithpennies.com,https://www.spendwithpennies.com/juicy-air-fryer-meatballs/,4.98,196,0.10189684842268126,4.763618084091136,4.878103151577319,4.857102410088439,0.25,theoretical_max_variance,0.030000000000000006,4.577102410088439,0.65,schema_only,,Beef | Pork | Breakfast,,0.0,2026-08-18T22:11:58.441699+00:00,30,0.626454630000087,2.9814239699997196,25,33,0.0,1.0,36,,,,,,,,,0,,False,,30.0,0.0,0.0,1.0,1.0,0.0,0.0,0.0,B,30.0,0.0,Raw 4.980; source/category adjustment -0.102; posterior 4.857; uncertainty -0.250 (theoretical_max_variance); evidence -0.030; final 4.577.
1dbfc4e965f878e269cd9f3a,Air Fryer Chicken Parmesan,feelgoodfoodie.net,feelgoodfoodie.net,https://feelgoodfoodie.net/recipe/air-fryer-chicken-parmesan/,4.99,82,0.08537945022338056,4.762461903169713,4.904620549776619,4.855438335259729,0.25,theoretical_max_variance,0.030000000000000006,4.5754383352597285,0.65,schema_only,,Chicken | Breakfast,,0.0,2026-08-19T00:46:47.191808+00:00,31,0.8983063855822241,0.5773502691896257,29,31,0.0,1.0,36,0.0,0.0,0.0,0.0,0.0,0.0,,,1,2026-08-19T00:34:06.688272+00:00,False,,9.0,8.8,2.0,2.0,5.0,0.0,0.0,0.0,B,31.0,0.0,Raw 4.990; source/category adjustment -0.085; posterior 4.855; uncertainty -0.250 (theoretical_max_variance); evidence -0.030; final 4.575.
69683d5e639ffeb2555bd8a6,Breaded Air Fryer Pork Chops,allrecipes.com,allrecipes.com,https://www.allrecipes.com/recipe/275553/breaded-air-fryer-pork-chops/,4.8,92,-0.09443772488915775,4.7608643160449695,4.8944377248891575,4.852304548326789,0.25,theoretical_max_variance,0.030000000000000006,4.572304548326788,0.65,schema_only,France Cevallos,Pork | Breakfast,,0.0,2026-08-19T01:41:49.045406+00:00,32,0.6541919735443031,2.748737083745107,31,38,0.0,1.0,36,0.0,0.0,0.0,0.0,0.0,0.0,,,4,2026-08-19T01:41:49.045406+00:00,False,,10.0,8.822698000045111,1.0,2.0,5.0,0.0,0.0,0.0,B,33.0,1.0,Raw 4.800; source/category adjustment +0.094; posterior 4.852; uncertainty -0.250 (theoretical_max_variance); evidence -0.030; final 4.572.
4d5cb867bfaa5bcca0c2b708,Easy Air Fryer Baked Potatoes,allrecipes.com,allrecipes.com,https://www.allrecipes.com/recipe/275253/easy-air-fryer-baked-potatoes/,4.8,90,-0.09443772488915775,4.795081313505678,4.8944377248891575,4.851702645804469,0.25,theoretical_max_variance,0.030000000000000006,4.571702645804469,0.65,schema_only,Taylerand20,Potatoes,,0.0,2026-08-19T01:41:49.045406+00:00,33,0.658488399466254,2.748737083745107,32,39,0.0,1.0,36,0.0,0.0,0.0,0.0,0.0,0.0,,,5,2026-08-19T01:41:49.045406+00:00,False,0.0,12.0,8.708616422830897,0.0,2.0,5.0,0.0,0.0,0.0,B,34.0,1.0,Raw 4.800; source/category adjustment +0.094; posterior 4.852; uncertainty -0.250 (theoretical_max_variance); evidence -0.030; final 4.572.
a4fc27b567fa726b0d1a2a82,Air Fryer Chicken Thighs Recipe,natashaskitchen.com,natashaskitchen.com,https://natashaskitchen.com/air-fryer-chicken-thighs/,5.0,46,0.06605742698778092,4.800714001271233,4.933942573012219,4.85104514094962,0.25,theoretical_max_variance,0.030000000000000006,4.57104514094962,0.65,schema_only,,Chicken,,0.0,2026-08-19T00:46:47.191808+00:00,34,0.8686564738999865,0.816496580927726,33,35,0.0,1.0,36,0.0,0.0,0.0,0.0,0.0,0.0,,,1,2026-08-18T23:34:22.619805+00:00,False,,11.0,9.243376006633074,0.0,2.0,5.0,0.0,0.0,0.0,C,35.0,1.0,Raw 5.000; source/category adjustment -0.066; posterior 4.851; uncertainty -0.250 (theoretical_max_variance); evidence -0.030; final 4.571.
fc2bb1182413bea42d4fefad,Air Fryer Rotisserie Chicken,allrecipes.com,allrecipes.com,https://www.allrecipes.com/recipe/269948/air-fryer-rotisserie-chicken/,4.9,26,-0.09443772488915775,4.794472717608617,4.994437724889158,4.849925737101573,0.25,theoretical_max_variance,0.030000000000000006,4.569925737101573,0.65,schema_only,THEHOLLANDS,Chicken | Vegetables,,0.0,2026-08-19T01:41:49.045406+00:00,35,0.6180229185820987,3.39934634239519,31,39,0.0,1.0,36,0.0,0.0,0.0,0.0,0.0,0.0,,,4,2026-08-19T01:41:49.045406+00:00,False,,14.0,8.708616422830897,0.0,2.0,5.0,0.0,0.0,0.0,C,36.0,1.0,Raw 4.900; source/category adjustment +0.094; posterior 4.850; uncertainty -0.250 (theoretical_max_variance); evidence -0.030; final 4.570.
da3eb98cecaa117e52d8fab6,Air Fryer Chicken Thighs,pinchofyum.com,pinchofyum.com,https://pinchofyum.com/air-fryer-chicken-thighs,5.0,27,0.01271698278343343,4.800714001271233,4.9872830172165665,4.849293722564269,0.25,theoretical_max_variance,0.030000000000000006,4.569293722564269,0.65,schema_only,Lindsay Ostrom,Chicken,,0.0,2026-08-19T00:46:47.191808+00:00,36,0.6430036463230276,3.109126351029605,32,40,0.0,1.0,36,0.0,0.0,0.0,0.0,0.0,0.0,,,1,2026-08-18T23:34:22.619805+00:00,False,,13.0,9.130169768410662,0.0,2.0,5.0,0.0,0.0,0.0,C,37.0,1.0,Raw 5.000; source/category adjustment -0.013; posterior 4.849; uncertainty -0.250 (theoretical_max_variance); evidence -0.030; final 4.569.
b0801219844db7ef5dd12aa6,Keto Lemon-Garlic Chicken Thighs in the Air Fryer,allrecipes.com,allrecipes.com,https://www.allrecipes.com/recipe/272859/keto-lemon-garlic-chicken-thighs-in-the-air-fryer/,4.9,25,-0.09443772488915775,4.800714001271233,4.994437724889158,4.847998910597738,0.25,theoretical_max_variance,0.030000000000000006,4.567998910597738,0.65,schema_only,France Cevallos,Chicken,,0.0,2026-08-19T01:41:49.045406+00:00,37,0.6133004570739731,3.593976442141304,34,43,0.0,1.0,36,0.0,0.0,0.0,0.0,0.0,0.0,,,5,2026-08-19T01:41:49.045406+00:00,False,0.0,16.0,8.2365041127896,0.0,2.0,5.0,0.0,0.0,0.0,C,38.0,1.0,Raw 4.900; source/category adjustment +0.094; posterior 4.848; uncertainty -0.250 (theoretical_max_variance); evidence -0.030; final 4.568.
407a4a4614451bee83b13e09,Air Fryer Turkey Breast,skinnytaste.com,skinnytaste.com,https://www.skinnytaste.com/air-fryer-turkey-breast/,4.97,65,0.06571108452901267,4.774779503452029,4.904288915470987,4.8479804754627445,0.25,theoretical_max_variance,0.030000000000000006,4.567980475462744,0.65,schema_only,,,,0.0,2026-08-18T22:11:58.441699+00:00,38,0.7125939056673175,2.3392781412697,35,41,0.0,1.0,36,,,,,,,,,0,,False,,10.0,8.541662601625049,2.0,2.0,5.0,0.0,0.0,0.0,B,32.0,-6.0,Raw 4.970; source/category adjustment -0.066; posterior 4.848; uncertainty -0.250 (theoretical_max_variance); evidence -0.030; final 4.568.
a8409030a39e06675f19ad67,Air Fryer Buttermilk Biscuits,allrecipes.com,allrecipes.com,https://www.allrecipes.com/recipe/286358/air-fryer-buttermilk-biscuits/,5.0,24,-0.09443772488915775,4.774779503452029,5.0,4.847823988818939,0.25,theoretical_max_variance,0.030000000000000006,4.5678239888189385,0.65,schema_only,Allrecipes Member,,,0.0,2026-08-19T01:41:49.045406+00:00,39,0.5910353222101092,4.08248290463863,35,45,0.0,1.0,36,0.0,0.0,0.0,0.0,0.0,0.0,,,5,2026-08-19T01:41:49.045406+00:00,False,0.0,15.0,9.221713506718803,0.0,2.0,5.0,0.0,0.0,0.0,C,39.0,0.0,Raw 5.000; source/category adjustment +0.094; posterior 4.848; uncertainty -0.250 (theoretical_max_variance); evidence -0.030; final 4.568.
b26623122c1ea1b6a8afbe8b,Air Fryer Sweet Potato Fries,natashaskitchen.com,airfryingfoodie.com | natashaskitchen.com | skinnytaste.com,https://natashaskitchen.com/air-fryer-sweet-potato-fries/,4.97,65,0.06605742698778092,4.794834161548771,4.903942573012219,4.847784716681701,0.25,theoretical_max_variance,0.030000000000000006,4.567784716681701,0.65,schema_only,,Potatoes | Snacks,ab8fb1ff5cada9f7,0.8230051415598291,2026-08-19T00:46:47.191808+00:00,40,0.7194867347459006,2.3392781412697,36,42,0.0,1.0,36,0.0,0.0,0.0,0.0,0.0,0.0,,,1,2026-08-18T23:34:22.619805+00:00,False,,16.0,9.221713506718803,0.0,2.0,5.0,0.0,0.0,0.0,B,40.0,0.0,Raw 4.970; source/category adjustment -0.066; posterior 4.848; uncertainty -0.250 (theoretical_max_variance); evidence -0.030; final 4.568.
7752d4cd9bc4ca44f7c3b8d9,Air Fryer French Fries,allrecipes.com,allrecipes.com,https://www.allrecipes.com/recipe/278581/air-fryer-french-fries/,4.8,78,-0.09443772488915775,4.792633252347847,4.8944377248891575,4.8476962321402794,0.25,theoretical_max_variance,0.030000000000000006,4.567696232140279,0.65,schema_only,John Mitzewich,Potatoes | Vegetables | Snacks,,0.0,2026-08-19T01:41:49.045406+00:00,41,0.6179570519047749,3.7712361663282534,34,43,0.0,1.0,36,0.0,0.0,0.0,0.0,0.0,0.0,,,4,2026-08-19T01:41:49.045406+00:00,False,,19.0,8.8,0.0,2.0,5.0,0.0,0.0,0.0,B,41.0,0.0,Raw 4.800; source/category adjustment +0.094; posterior 4.848; uncertainty -0.250 (theoretical_max_variance); evidence -0.030; final 4.568.
be31085cb7b0f0972233a160,Air Fryer Shrimp,wellplated.com,wellplated.com,https://www.wellplated.com/air-fryer-shrimp/,4.93,40,-0.006403105925583755,4.780861835485745,4.936403105925583,4.846612215662498,0.25,theoretical_max_variance,0.030000000000000006,4.566612215662498,0.65,schema_only,,Seafood | Breakfast,,0.0,2026-08-19T00:46:47.191808+00:00,42,0.8363288690742424,1.2133516482134197,38,42,0.0,1.0,36,0.0,0.0,0.0,0.0,0.0,0.0,,,0,,False,,20.0,8.8,0.0,2.0,5.0,0.0,0.0,0.0,C,42.0,0.0,Raw 4.930; source/category adjustment +0.006; posterior 4.847; uncertainty -0.250 (theoretical_max_variance); evidence -0.030; final 4.567.
32f8fe806bf5200599d061e0,Homemade Croutons in the Air Fryer,allrecipes.com,allrecipes.com,https://www.allrecipes.com/recipe/279399/homemade-croutons-in-the-air-fryer/,4.8,72,-0.09443772488915775,4.774779503452029,4.8944377248891575,4.84539747020181,0.25,theoretical_max_variance,0.030000000000000006,4.56539747020181,0.65,schema_only,Soup Loving Nicole,,,0.0,2026-08-19T01:41:49.045406+00:00,43,0.7696425530721503,1.8856180831641267,39,44,0.0,1.0,36,0.0,0.0,0.0,0.0,0.0,0.0,,,5,2026-08-19T01:41:49.045406+00:00,False,0.0,22.0,8.8,0.0,2.0,5.0,0.0,0.0,0.0,B,44.0,1.0,Raw 4.800; source/category adjustment +0.094; posterior 4.845; uncertainty -0.250 (theoretical_max_variance); evidence -0.030; final 4.565.
600481ccdd2a48339d0d4240,Air Fryer Chicken Parmesan,delish.com,delish.com,https://www.delish.com/cooking/recipe-ideas/a35256979/air-fryer-chicken-parmesan-recipe/,4.821429,28,-0.15,4.762461903169713,4.9714290000000005,4.845371630417968,0.25,theoretical_max_variance,0.030000000000000006,4.5653716304179675,0.65,schema_only,Makinze Gore,Chicken | Breakfast,,0.0,2026-08-18T22:11:58.441699+00:00,44,0.30746374420846867,14.415462377445808,25,65,0.0,0.6666666666666666,36,,,,,,,,,0,,False,,21.0,8.8,0.0,2.0,5.0,0.0,0.0,0.0,C,43.0,-1.0,Raw 4.821; source/category adjustment +0.150; posterior 4.845; uncertainty -0.250 (theoretical_max_variance); evidence -0.030; final 4.565.
ba4dd2d50e6865fc35f332c6,Air Fryer Zucchini Chips,allrecipes.com,allrecipes.com,https://www.allrecipes.com/recipe/267107/air-fryer-zucchini-chips/,4.8,70,-0.09443772488915775,4.769009416202018,4.8944377248891575,4.844580132623688,0.25,theoretical_max_variance,0.030000000000000006,4.5645801326236874,0.65,schema_only,Soup Loving Nicole,Vegetables | Breakfast | Snacks,,0.0,2026-08-18T22:11:58.441699+00:00,45,0.8546399907598368,1.1055415967851332,42,45,0.0,1.0,36,,,,,,,,,0,,False,,23.0,8.8,0.0,2.0,5.0,0.0,0.0,0.0,B,45.0,0.0,Raw 4.800; source/category adjustment +0.094; posterior 4.845; uncertainty -0.250 (theoretical_max_variance); evidence -0.030; final 4.565.
ee1e68ab444f4686098b4bf3,Air Fryer Grilled Cheese,allrecipes.com,allrecipes.com,https://www.allrecipes.com/recipe/8381341/air-fryer-grilled-cheese/,4.8,68,-0.09443772488915775,4.774779503452029,4.8944377248891575,4.8437350886869845,0.25,theoretical_max_variance,0.030000000000000006,4.563735088686984,0.65,schema_only,Yoly,,,0.0,2026-08-19T01:41:49.045406+00:00,46,0.7777865955450808,1.8856180831641267,44,49,0.0,1.0,36,0.0,0.0,0.0,0.0,0.0,0.0,,,5,2026-08-19T01:41:49.045406+00:00,False,0.0,24.0,8.8,0.0,2.0,5.0,0.0,0.0,0.0,B,46.0,0.0,Raw 4.800; source/category adjustment +0.094; posterior 4.844; uncertainty -0.250 (theoretical_max_variance); evidence -0.030; final 4.564.
a0fd704b7d089c055f427880,Air Fryer Chicken Taquitos,allrecipes.com,allrecipes.com,https://www.allrecipes.com/recipe/279015/air-fryer-chicken-taquitos/,4.8,65,-0.09443772488915775,4.794510814936365,4.8944377248891575,4.84241241122084,0.25,theoretical_max_variance,0.030000000000000006,4.56241241122084,0.65,schema_only,Yoly,Chicken | Vegetables | Snacks,,0.0,2026-08-18T22:11:58.441699+00:00,47,0.7908692638439876,1.7716909687891083,45,50,0.0,1.0,36,,,,,,,,,0,,False,,25.0,8.8,0.0,2.0,5.0,0.0,0.0,0.0,B,47.0,0.0,Raw 4.800; source/category adjustment +0.094; posterior 4.842; uncertainty -0.250 (theoretical_max_variance); evidence -0.030; final 4.562.
2a6e314a4a1fc2115f5e07bc,Air Fryer Mushrooms,allrecipes.com,allrecipes.com,https://www.allrecipes.com/recipe/275679/air-fryer-mushrooms/,4.9,21,-0.09443772488915775,4.788231433946001,4.994437724889158,4.839748836553151,0.25,theoretical_max_variance,0.030000000000000006,4.559748836553151,0.65,schema_only,Bren,Vegetables,,0.0,2026-08-19T01:41:49.045406+00:00,48,0.7106373810245168,2.7688746209726918,44,51,0.0,0.6666666666666666,36,0.0,0.0,0.0,0.0,0.0,0.0,,,5,2026-08-19T01:41:49.045406+00:00,False,0.0,26.0,8.8,0.0,2.0,5.0,0.0,0.0,0.0,C,48.0,0.0,Raw 4.900; source/category adjustment +0.094; posterior 4.840; uncertainty -0.250 (theoretical_max_variance); evidence -0.030; final 4.560.
4a1cfb9677fc50d024cb7189,Air Fryer Artichoke Hearts,allrecipes.com,allrecipes.com,https://www.allrecipes.com/recipe/280419/air-fryer-artichoke-hearts/,4.9,21,-0.09443772488915775,4.774779503452029,4.994437724889158,4.839748836553151,0.25,theoretical_max_variance,0.030000000000000006,4.559748836553151,0.65,schema_only,France Cevallos,,,0.0,2026-08-19T01:41:49.045406+00:00,49,0.7136301038626829,2.7688746209726918,45,52,0.0,0.5,36,0.0,0.0,0.0,0.0,0.0,0.0,,,5,2026-08-19T01:41:49.045406+00:00,False,0.0,27.0,8.8,0.0,2.0,5.0,0.0,0.0,0.0,C,49.0,0.0,Raw 4.900; source/category adjustment +0.094; posterior 4.840; uncertainty -0.250 (theoretical_max_variance); evidence -0.030; final 4.560.
da62aed4d8d86d32fcba7f1a,Air Fryer Mahi Mahi with Brown Butter,allrecipes.com,allrecipes.com,https://www.allrecipes.com/recipe/275948/air-fryer-mahi-mahi-with-brown-butter/,4.9,21,-0.09443772488915775,4.774779503452029,4.994437724889158,4.839748836553151,0.25,theoretical_max_variance,0.030000000000000006,4.559748836553151,0.65,schema_only,FrackFamily5 CACT,,,0.0,2026-08-19T01:41:49.045406+00:00,50,0.7165615561255926,2.7688746209726918,46,53,0.0,0.5,36,0.0,0.0,0.0,0.0,0.0,0.0,,,5,2026-08-19T01:41:49.045406+00:00,False,0.0,28.0,8.8,0.0,2.0,5.0,0.0,0.0,0.0,C,50.0,0.0,Raw 4.900; source/category adjustment +0.094; posterior 4.840; uncertainty -0.250 (theoretical_max_variance); evidence -0.030; final 4.560.
