recipe_id,title,source,combined_sources,url,rating,rating_count,source_bias,category_expected_rating,adjusted_rating,posterior_mean,uncertainty_penalty,uncertainty_method,evidence_penalty,hierarchical_score,evidence_confidence,evidence_status,author,categories,duplicate_group_id,duplicate_confidence,last_seen_at,rank,rank_confidence,rank_stddev,rank_range_low,rank_range_high,top10_frequency,top50_frequency,simulation_count,review_growth_7d,review_growth_30d,rating_trend_30d,rating_slope_30d_per_day,review_slope_30d_per_day,review_velocity_7d,review_velocity_previous_7d,review_acceleration_14d,page_change_count_30d,last_material_page_change_at,rating_change_point_30d,rating_change_point_delta,peak_rank,rank_volatility,days_in_top10,days_in_top50,ranking_observations,rating_change,review_count_change,review_velocity_per_day,evidence_grade,previous_rank,movement,rank_provenance,canonical_url,image_url,ingredients,has_instructions,instruction_count
9d46ade439c1efcf8318d08b,Classic Slow Cooker Chili Recipe,natashaskitchen.com,natashaskitchen.com,https://natashaskitchen.com/slow-cooker-chili-recipe/,4.99,2340,0.09320278897103623,4.71203358911356,4.896797211028964,4.8923764994216015,0.10022986134183022,theoretical_max_variance,0.030000000000000006,4.762146638079771,0.65,schema_only,,Beef,,0.0,2026-08-19T05:02:49.320697+00:00,1,1.0,0.0,1,1,1.0,1.0,36,0.0,0.0,0.0,0.0,0.0,0.0,,,0,,False,,1.0,0.0,1.0,1.0,3.0,0.0,0.0,0.0,B,1.0,0.0,Raw 4.990; source/category adjustment -0.093; posterior 4.892; uncertainty -0.100 (theoretical_max_variance); evidence -0.030; final 4.762.,https://natashaskitchen.com/slow-cooker-chili-recipe/,https://natashaskitchen.com/wp-content/uploads/2020/04/Slow-Cooker-Beef-Chili-Recipe-4.jpg,"['2 lb lean Ground Beef ((85/15 fat content))', '1  large onion (diced)', '4  garlic cloves (minced)', '2 Tbsp chili powder', '2 tsp cumin powder', '1 tsp garlic powder', '1 tsp dried oregano', '1 1/2 tsp fine sea salt (or to taste)', '1/2 tsp black pepper', '15 oz can black beans (drained and rinsed)', '15 oz can kidney beans (drained and rinsed)', '30 oz diced tomatoes (with their juice)', '10 oz diced tomatoes and green chilis (with their juice)', '15 oz tomato sauce']",True,3
6b9decd72b32f45e63066ed3,Slow Cooker Baby Back Ribs,allrecipes.com,allrecipes.com,https://www.allrecipes.com/recipe/228498/slow-cooker-baby-back-ribs/,4.8,1377,-0.12614246221012865,4.685487196197013,4.926142462210128,4.917710252468954,0.1297131761189462,theoretical_max_variance,0.030000000000000006,4.757997076350008,0.65,schema_only,norah,,,0.0,2026-08-19T05:02:49.320697+00:00,2,1.0,0.0,2,2,1.0,1.0,36,0.0,0.0,0.0,0.0,0.0,0.0,,,5,2026-08-19T05:02:49.320697+00:00,False,0.0,1.0,0.4898979485566356,1.0,1.0,5.0,0.0,0.0,0.0,B,2.0,0.0,Raw 4.800; source/category adjustment +0.126; posterior 4.918; uncertainty -0.130 (theoretical_max_variance); evidence -0.030; final 4.758.,https://www.allrecipes.com/recipe/228498/slow-cooker-baby-back-ribs/,https://www.allrecipes.com/thmb/Yk6XPvsjJwPiq6Ed8UxejK0oKFE=/1500x0/filters:no_upscale():max_bytes(150000):strip_icc()/228498-slow-cooker-baby-back-ribs-DDMFS-008-4x3-052755bf2a444771918ef432757479a7.jpg,"['3 pounds baby back ribs, trimmed', 'salt and ground black pepper, to taste', '0.5 cup water', '0.5 onion, sliced', '1 clove garlic, minced', '1 (18 ounce) bottle barbeque sauce']",True,7
4ca366d048d332dde680aba1,Slow Cooker BBQ Chicken Recipe,natashaskitchen.com,natashaskitchen.com,https://natashaskitchen.com/slow-cooker-bbq-chicken-recipe/,4.98,1316,0.09320278897103623,4.6831288290660416,4.886797211028965,4.879428616049757,0.13257777628349052,theoretical_max_variance,0.030000000000000006,4.716850839766266,0.65,schema_only,,Chicken,,0.0,2026-08-19T05:02:49.320697+00:00,3,1.0,0.0,3,3,1.0,1.0,36,0.0,0.0,0.0,0.0,0.0,0.0,,,0,,False,,3.0,0.0,1.0,1.0,3.0,0.0,0.0,0.0,B,3.0,0.0,Raw 4.980; source/category adjustment -0.093; posterior 4.879; uncertainty -0.133 (theoretical_max_variance); evidence -0.030; final 4.717.,https://natashaskitchen.com/slow-cooker-bbq-chicken-recipe/,https://natashaskitchen.com/wp-content/uploads/2015/08/BBQ-Chicken-SQ-I-love-you.jpg,"['3 lbs chicken breasts ((boneless, skinless))', '1 1/2 cups BBQ Sauce (I used Sweet Baby Rays Honey BBQ)', '1/2  medium onion (grated (with juice))', '1 Tbsp olive oil', '1 Tbsp Worcestershire sauce', '2 Tbsp brown sugar']",True,3
fd98ea529ae1433cb6bc1826,Easy Slow Cooker Pot Roast,allrecipes.com,allrecipes.com,https://www.allrecipes.com/recipe/218547/slow-cooker-pot-roast/,4.7,1968,-0.12614246221012865,4.6974313788515625,4.826142462210129,4.822657445708318,0.10907758125030664,theoretical_max_variance,0.030000000000000006,4.683579864458011,0.65,schema_only,keylimeone,Vegetables | Beef,,0.0,2026-08-19T05:02:49.320697+00:00,4,1.0,0.0,4,4,1.0,1.0,36,0.0,0.0,0.0,0.0,0.0,0.0,,,5,2026-08-19T05:02:49.320697+00:00,False,0.0,2.0,0.9797958971132712,1.0,1.0,5.0,0.0,0.0,0.0,B,4.0,0.0,Raw 4.700; source/category adjustment +0.126; posterior 4.823; uncertainty -0.109 (theoretical_max_variance); evidence -0.030; final 4.684.,https://www.allrecipes.com/recipe/218547/slow-cooker-pot-roast/,https://www.allrecipes.com/thmb/jj6RJWSKUePAyCNIwg-QDG7j-po=/1500x0/filters:no_upscale():max_bytes(150000):strip_icc()/218547-slow-cooker-pot-roast-VAT-Beauty-4x3-9213f2de265242d082c3ece1189a4762.jpg,"['cooking spray', '1 onion, sliced', '1 (2 1/2 pound) boneless beef chuck roast', 'salt and ground black pepper to taste', '0.25 cup all-purpose flour', '1 (1.2 ounce) package dry beef gravy mix', '1 (1 ounce) package ranch dressing mix', '1 (.7 ounce) package dry Italian-style salad dressing mix', '0.5 cup water, or as needed', '5 whole peeled carrots']",True,4
1961816bf4f1bf1570904232,Easy Crockpot Carnitas,pinchofyum.com,pinchofyum.com,https://pinchofyum.com/easy-crockpot-carnitas,4.9,160,-0.0383535759376376,4.696592829448882,4.938353575937638,4.878147295047013,0.25,theoretical_max_variance,0.030000000000000006,4.598147295047013,0.65,schema_only,Lindsay Ostrom,Desserts | Pork,,0.0,2026-08-19T05:02:49.320697+00:00,5,0.625,1.5,5,8,1.0,1.0,36,0.0,0.0,0.0,0.0,0.0,0.0,,,1,2026-08-19T04:57:33.534748+00:00,False,,5.0,0.0,1.0,1.0,2.0,0.0,0.0,0.0,B,5.0,0.0,Raw 4.900; source/category adjustment +0.038; posterior 4.878; uncertainty -0.250 (theoretical_max_variance); evidence -0.030; final 4.598.,https://pinchofyum.com/easy-crockpot-carnitas,https://pinchofyum.com/tachyon/Easy-Crockpot-Carnitas-Square.png?fit=225%2C225,"['4-5 lbs. pork shoulder (I prefer boneless, but bone-in works as well)', '5 cloves garlic', '1 tablespoon salt', '1 teaspoon cumin', '1 teaspoon chili powder', '1 teaspoon black pepper', '1 teaspoon oregano', '1/4 teaspoon cinnamon', '1/2 teaspoon cayenne pepper', '1 tablespoon chipotle hot sauce (optional)', 'juice of 2 limes', '1/2 cup orange juice', '12 ounces beer (a standard lager works great for this!)', '1/2 cup salsa (I like to use a less chunky one)']",True,6
a5bbfc88df8dc87d5db8d889,Slow Cooker Taco Soup,allrecipes.com,allrecipes.com,https://www.allrecipes.com/recipe/16678/slow-cooker-taco-soup/,4.6,2426,-0.12614246221012865,4.71203358911356,4.726142462210128,4.725321475416648,0.09847381420462226,theoretical_max_variance,0.030000000000000006,4.596847661212026,0.65,schema_only,Janeen Barlow,Beef,,0.0,2026-08-19T05:02:49.320697+00:00,6,0.32698103698348546,5.351531452667441,5,22,0.6666666666666666,1.0,36,0.0,0.0,0.0,0.0,0.0,0.0,,,5,2026-08-19T05:02:49.320697+00:00,False,0.0,3.0,1.3564659966250536,1.0,1.0,5.0,0.0,0.0,0.0,B,6.0,0.0,Raw 4.600; source/category adjustment +0.126; posterior 4.725; uncertainty -0.098 (theoretical_max_variance); evidence -0.030; final 4.597.,https://www.allrecipes.com/recipe/16678/slow-cooker-taco-soup/,https://www.allrecipes.com/thmb/O7dB5H1hcImxMwNlvLGSFP3JbHE=/1500x0/filters:no_upscale():max_bytes(150000):strip_icc()/16678-slow-cooker-taco-soup-ddmfs-step-4-41b33a0ac182427880328395c4085a68.jpg,"['1 pound ground beef', '1 onion, chopped', '1 (16 ounce) can chili beans, with liquid', '1 (15 ounce) can kidney beans with liquid', '1 (15 ounce) can whole kernel corn, with liquid', '1 (8 ounce) can tomato sauce', '2 cups water', '2 (14.5 ounce) cans peeled and diced tomatoes', '1 (4 ounce) can diced green chile peppers', '1 (1.25 ounce) package taco seasoning mix']",True,4
a5fb781a0245e616564ec60c,Slow Cooker Beef Stew,natashaskitchen.com,natashaskitchen.com,https://natashaskitchen.com/slow-cooker-beef-stew/,4.98,328,0.09320278897103623,4.70944162419322,4.886797211028965,4.860168902188759,0.25,theoretical_max_variance,0.030000000000000006,4.580168902188759,0.65,schema_only,,Potatoes | Vegetables | Desserts | Beef | Snacks,,0.0,2026-08-19T05:02:49.320697+00:00,7,0.8787123165184252,0.37267799624996495,5,6,1.0,1.0,36,0.0,0.0,0.0,0.0,0.0,0.0,,,0,,False,,6.0,0.4714045207910317,1.0,1.0,3.0,0.0,0.0,0.0,B,7.0,0.0,Raw 4.980; source/category adjustment -0.093; posterior 4.860; uncertainty -0.250 (theoretical_max_variance); evidence -0.030; final 4.580.,https://natashaskitchen.com/slow-cooker-beef-stew/,https://natashaskitchen.com/wp-content/uploads/2022/11/beef-stew-sq.jpg,"['2 tbsp extra light olive oil (or high heat cooking oil)', '3 lb beef chuck roast (cut into 2 inch cubes)', '1  large yellow onion (diced)', '4  large carrots (cut into bite size pieces)', '1 lb Yukon potatoes (cut into bite size pieces)', '1/3 cup apple cider juice ((NOT vinegar))', '3 tbsp tomato paste', '3 cups beef broth', '1 tsp ground black pepper', '1 tbsp fine sea salt (or added to taste)', '2  bay leaves', 'parsley (finely chopped, to serve)']",True,4
fb4cfad078b5eed6b08ad4d7,BEST Slow Cooker Pulled Pork Recipe,downshiftology.com,downshiftology.com,https://downshiftology.com/recipes/slow-cooker-pulled-pork/,4.94,256,0.05972493404557321,4.64796736132118,4.880275065954427,4.848446982660732,0.25,theoretical_max_variance,0.030000000000000006,4.568446982660732,0.65,schema_only,Lisa Bryan,Pork,,0.0,2026-08-19T05:02:49.320697+00:00,8,0.7715292061169129,0.82915619758885,7,9,1.0,1.0,36,0.0,0.0,0.0,0.0,0.0,0.0,,,0,,False,,7.0,0.4714045207910317,1.0,1.0,3.0,0.0,0.0,0.0,B,8.0,0.0,Raw 4.940; source/category adjustment -0.060; posterior 4.848; uncertainty -0.250 (theoretical_max_variance); evidence -0.030; final 4.568.,https://downshiftology.com/recipes/slow-cooker-pulled-pork/,https://i2.wp.com/www.downshiftology.com/wp-content/uploads/2019/01/Slow-Cooker-Pulled-Pork-main.jpg,"['4½ pounds pork shoulder', '2 tablespoons paprika', '1 teaspoon oregano', '1 teaspoon salt', '1 teaspoon pepper', '½ teaspoon cumin', '1  yellow onion (diced)', '4  garlic cloves (chopped)', '1  orange (juiced)']",True,3
6400c3b87d6ad053ebfd1474,Slow Cooker Pot Roast,downshiftology.com,downshiftology.com,https://downshiftology.com/recipes/slow-cooker-pot-roast/,5.0,82,0.05972493404557321,4.687349562095165,4.940275065954427,4.843764509228134,0.25,theoretical_max_variance,0.030000000000000006,4.563764509228133,0.65,schema_only,Lisa Bryan,Potatoes | Vegetables | Beef,,0.0,2026-08-19T05:02:49.320697+00:00,9,0.6231247483741058,1.7539637649874324,7,12,0.8333333333333334,1.0,36,0.0,0.0,0.0,0.0,0.0,0.0,,,0,,False,,8.0,0.4714045207910317,1.0,1.0,3.0,0.0,0.0,0.0,B,9.0,0.0,Raw 5.000; source/category adjustment -0.060; posterior 4.844; uncertainty -0.250 (theoretical_max_variance); evidence -0.030; final 4.564.,https://downshiftology.com/recipes/slow-cooker-pot-roast/,https://i2.wp.com/www.downshiftology.com/wp-content/uploads/2023/11/Slow-Cooker-Pot-Roast-main.jpg,"['2 tablespoons avocado oil (*see note)', '3 ½ pounds beef chuck roast', '2 teaspoon salt', '1 teaspoon freshly ground black pepper', '4 cloves garlic (thinly sliced)', '1  yellow onion (cut into large chunks)', '4  carrots (peeled and cut into 1-inch pieces)', '3 stalks celery (cut into 1-inch pieces)', '1 ½ pounds baby potatoes (white or yukon gold) (quartered)', '2 cups low-sodium beef broth', '1 cup red wine (*see note)', '2 sprigs fresh rosemary', '2 sprigs fresh thyme', '2  bay leaves', '2 tablespoons cornstarch or arrowroot powder', '3 tablespoons water']",True,5
0e92d800901c2dbb87b6d368,The Best Detox Crockpot Lentil Soup,pinchofyum.com,pinchofyum.com,https://pinchofyum.com/the-best-detox-crockpot-lentil-soup,4.8,391,-0.0383535759376376,4.6932712658355,4.838353575937638,4.821021786851399,0.23333333333333334,theoretical_max_variance,0.030000000000000006,4.5576884535180655,0.65,schema_only,Lindsay Ostrom,Chicken | Potatoes | Vegetables | Snacks,,0.0,2026-08-19T05:02:49.320697+00:00,10,0.44432257533053593,3.751851394830143,7,16,0.5,1.0,36,0.0,0.0,0.0,0.0,0.0,0.0,,,1,2026-08-19T04:57:33.534748+00:00,False,,10.0,0.5,1.0,1.0,2.0,0.0,0.0,0.0,B,10.0,0.0,Raw 4.800; source/category adjustment +0.038; posterior 4.821; uncertainty -0.233 (theoretical_max_variance); evidence -0.030; final 4.558.,https://pinchofyum.com/the-best-detox-crockpot-lentil-soup,https://pinchofyum.com/tachyon/Crockpot-Lentil-Soup-Recipe.jpg?fit=225%2C225,"['2 cups butternut squash (peeled and cubed)', '2 cups carrots (peeled and sliced)', '2 cups potatoes (chopped)', '2 cups celery (chopped)', '1 cup green lentils', '3/4 cup yellow split peas (or just use more lentils)', '1 onion (chopped)', '5 cloves garlic (minced)', '8-10 cups vegetable or chicken broth', '2 teaspoons herbs de provence', '1 teaspoon salt (more to taste)', '2-3 cups kale (stems removed, chopped)', '1 cup parsley (chopped)', '1/2 cup olive oil &#8211; rosemary olive oil or other herb infused oil is delicious', 'a swish of sherry, red wine vinegar, or lemon juice to add a nice tangy bite']",True,3
ef738cfb9e04e281e4846d30,Easy Crockpot Lasagna Recipe,natashaskitchen.com,natashaskitchen.com,https://natashaskitchen.com/slow-cooker-lasagna-recipe/,4.97,190,0.09320278897103623,4.697851424811114,4.876797211028964,4.836940957938974,0.25,theoretical_max_variance,0.030000000000000006,4.5569409579389735,0.65,schema_only,,Beef | Breakfast,,0.0,2026-08-19T05:02:49.320697+00:00,11,0.6245731267764281,1.8633899812498247,9,14,0.5,1.0,36,0.0,0.0,0.0,0.0,0.0,0.0,,,1,2026-08-19T04:46:36.227580+00:00,False,,9.0,0.816496580927726,1.0,1.0,3.0,0.0,0.0,0.0,B,11.0,0.0,Raw 4.970; source/category adjustment -0.093; posterior 4.837; uncertainty -0.250 (theoretical_max_variance); evidence -0.030; final 4.557.,https://natashaskitchen.com/slow-cooker-lasagna-recipe/,https://natashaskitchen.com/wp-content/uploads/2018/12/Slow-Cooker-Lasagna-SQ.jpg,"['1 lb ground beef ((80/20 fat content))', '1  small onion (finely diced)', '2  garlic cloves (pressed)', '1/4 cup red wine (or beef broth)', '32 oz marinara sauce', '1/4 tsp dried thyme', '1/2 tsp sea salt', '1/4 tsp black pepper', '1/2 tsp granulated sugar', '4 Tbsp fresh parsley (chopped and divided)', '15 oz reduced fat ricotta cheese', '16 oz low-fat cottage cheese', '1  large egg', '1 lb mozzarella cheese ((4 cups shredded), divided)', '9  lasagna noodles (uncooked, NOT ""oven ready"")', '1/2 cup water']",True,5
2a4bc0c11f22ee71c8e6a04a,Crockpot Salsa Verde Chicken,downshiftology.com,downshiftology.com,https://downshiftology.com/recipes/crockpot-salsa-verde-chicken/,5.0,70,0.05972493404557321,4.6831288290660416,4.940275065954427,4.834113453555505,0.25,theoretical_max_variance,0.030000000000000006,4.554113453555504,0.65,schema_only,Lisa Bryan,Chicken,,0.0,2026-08-19T05:02:49.320697+00:00,12,0.6035928826176539,2.101586702153082,9,15,0.3333333333333333,1.0,36,0.0,0.0,0.0,0.0,0.0,0.0,,,0,,False,,10.0,0.9428090415820634,1.0,1.0,3.0,0.0,0.0,0.0,B,12.0,0.0,Raw 5.000; source/category adjustment -0.060; posterior 4.834; uncertainty -0.250 (theoretical_max_variance); evidence -0.030; final 4.554.,https://downshiftology.com/recipes/crockpot-salsa-verde-chicken/,https://i2.wp.com/www.downshiftology.com/wp-content/uploads/2023/12/Slow-Cooker-Salsa-Verde-Chicken-main.jpg,"['2 pounds boneless skinless chicken breasts', '2 cups salsa verde', '1 teaspoon kosher salt', '1 teaspoon ground cumin', '2 tablespoons chopped fresh cilantro', 'Optional: sour cream (see note below)']",True,3
db50275fd3c6fbfd1e70fa9d,Beef and Mushroom Pot Roast (a Slow Cooker Recipe),natashaskitchen.com,natashaskitchen.com,https://natashaskitchen.com/beef-and-mushroom-pot-roast-a-slow-cooker-recipe/,5.0,95,0.09320278897103623,4.6974313788515625,4.906797211028964,4.83048341281105,0.25,theoretical_max_variance,0.030000000000000006,4.55048341281105,0.65,schema_only,,Vegetables | Beef,,0.0,2026-08-19T05:02:49.320697+00:00,13,0.6310588642255213,1.9293061504650375,11,16,0.0,1.0,36,0.0,0.0,0.0,0.0,0.0,0.0,,,0,,False,,11.0,0.9428090415820634,0.0,1.0,3.0,0.0,0.0,0.0,B,13.0,0.0,Raw 5.000; source/category adjustment -0.093; posterior 4.830; uncertainty -0.250 (theoretical_max_variance); evidence -0.030; final 4.550.,https://natashaskitchen.com/beef-and-mushroom-pot-roast-a-slow-cooker-recipe/,https://natashaskitchen.com/wp-content/uploads/2013/12/Beef-and-Mushroom-Pot-Roast-Tall-2.jpg,"['4 1/2 lbs boneless Beef bottom round roast', '2 cups 1/2 lb peeled and thick sliced or baby carrots', '1 lb fresh mushrooms (thickly sliced)', '1  large onion (finely diced)', '1/2  head of garlic (6 cloves, pressed)', '1/3 cup all-purpose flour', '1 oz Onion Soup or Dip mix', '1/2 Tbsp Mrs. Dash (our favorite salt-free seasoning)', '2 cups reduced sodium vegetable or beef broth', '1/2 cup red wine', '1 cup heavy whipping cream', '2 tsp salt']",True,7
d6dc12e628261b9d4f7ac50c,Crockpot Chicken Bowls with Yellow Rice and Cilantro Pesto,pinchofyum.com,pinchofyum.com,https://pinchofyum.com/crockpot-chicken-bowls-with-yellow-rice-and-cilantro-pesto,5.0,40,-0.0383535759376376,4.6831288290660416,5.0,4.825270664553896,0.25,theoretical_max_variance,0.030000000000000006,4.545270664553896,0.65,schema_only,Lindsay Ostrom,Chicken,,0.0,2026-08-19T05:02:49.320697+00:00,14,0.5581738154308931,2.6912925436591904,11,19,0.0,1.0,36,0.0,0.0,0.0,0.0,0.0,0.0,,,1,2026-08-19T05:02:49.320697+00:00,False,,14.0,0.0,0.0,1.0,2.0,0.0,0.0,0.0,C,14.0,0.0,Raw 5.000; source/category adjustment +0.038; posterior 4.825; uncertainty -0.250 (theoretical_max_variance); evidence -0.030; final 4.545.,https://pinchofyum.com/crockpot-chicken-bowls-with-yellow-rice-and-cilantro-pesto,https://pinchofyum.com/tachyon/Crockpot-Chicken-Bowls-Square.jpg?fit=225%2C225,"['1 lb. chicken breasts', '8 ounces of a simmer sauce or enchilada sauce that you like (see notes for my recs)', '1 tablespoon cornstarch whisked into 1-2 tablespoons water', 'extra seasoning to taste &#8211; I often add a few shakes of chipotle powder, salt, and pepper', '1 cup white rice', '1 1/2 cups water', '1 tablespoon butter', '1/2 teaspoon salt', '1/2 teaspoon chili powder', '1/8 teaspoon turmeric', '1 1/2 cups cilantro leaves', '1/2 jalapeño, ribs and seeds removed', '1 clove garlic', 'juice and zest of 1 lime', '1/4 cup olive oil or avocado oil', '1/2 cup roasted salted pistachios', 'Pickled onions (a must for me, every time)', 'Sour cream and/or your favorite salsa (see notes)', 'A salad mix']",True,4
1745717dec14897e7ab3ea95,Slow Cooker Bolognese Sauce (Pasta Meat Sauce),natashaskitchen.com,natashaskitchen.com,https://natashaskitchen.com/slow-cooker-bolognese-sauce-recipe/,4.98,110,0.09320278897103623,4.6974313788515625,4.886797211028965,4.8238878313939795,0.25,theoretical_max_variance,0.030000000000000006,4.543887831393979,0.65,schema_only,,Vegetables | Beef,,0.0,2026-08-19T05:02:49.320697+00:00,15,0.6440100503147042,1.9346977943739831,13,18,0.0,1.0,36,0.0,0.0,0.0,0.0,0.0,0.0,,,0,,False,,12.0,1.4142135623730951,0.0,1.0,3.0,0.0,0.0,0.0,B,15.0,0.0,Raw 4.980; source/category adjustment -0.093; posterior 4.824; uncertainty -0.250 (theoretical_max_variance); evidence -0.030; final 4.544.,https://natashaskitchen.com/slow-cooker-bolognese-sauce-recipe/,https://natashaskitchen.com/wp-content/uploads/2016/09/Slow-Cooker-Bolognese-Sauce-6.jpg,"['1/4 cup olive oil', '1  medium onion (finely diced)', '2  celery sticks (finely diced)', '2  medium carrots (grated)', '2 lb ground beef (we prefer beef with 15% or 20% fat content)', 'Salt and black pepper', '4  garlic cloves (minced)', '1/2 cup finely chopped parsley (plus more to serve)', '1 Tbsp granulated sugar', '1 cup dry white wine (Pinot Grigio or Chardonnay)', '2  28 oz each canned crushed tomatoes (or canned whole tomatoes, crushed)*', '1 cup whole milk', '1  bay leaf (optional)', 'Pasta, Parsley and Parmesan (or your favorite Italian cheese to serve)', 'Large skillet or dutch oven (slow cooker)']",True,5
9a87fa05fd9c043d3b9aab6a,Shredded Beef Sandwiches (A Slow Cooker Recipe),natashaskitchen.com,natashaskitchen.com,https://natashaskitchen.com/slow-cooker-shredded-beef/,5.0,70,0.09320278897103623,4.6974313788515625,4.906797211028964,4.8145847048489845,0.25,theoretical_max_variance,0.030000000000000006,4.534584704848984,0.65,schema_only,,Vegetables | Beef,,0.0,2026-08-19T05:02:49.320697+00:00,16,0.5973415021334131,2.4267032964268394,14,21,0.0,1.0,36,0.0,0.0,0.0,0.0,0.0,0.0,,,0,,False,,13.0,1.4142135623730951,0.0,1.0,3.0,0.0,0.0,0.0,B,16.0,0.0,Raw 5.000; source/category adjustment -0.093; posterior 4.815; uncertainty -0.250 (theoretical_max_variance); evidence -0.030; final 4.535.,https://natashaskitchen.com/slow-cooker-shredded-beef/,https://natashaskitchen.com/wp-content/uploads/2023/04/Slow-Cooker-Shredded-Beef-SQ.jpg,"['3-4 lbs beef Tri-tip roast', '2 Tbsp Montreal steak seasoning', '2 Tbsp oil', '2 cups beef broth', '2 Tbsp Worcestershire', '2 tsp onion powder', '1 tsp garlic powder', '1/2 tsp dried rosemary', 'Hoagie Rolls', 'Caramelized onions or sauteed mushrooms (optional)', 'Sliced mozzarella or provolone cheese', 'Reserved juices from slow cooker beef, for dipping']",True,8
78b3c3473032dfd63925ccfe,Slow-Cooked Green Beans,allrecipes.com,allrecipes.com,https://www.allrecipes.com/recipe/233794/slow-cooked-green-beans/,4.7,318,-0.12614246221012865,4.674398654871364,4.826142462210129,4.80703169237139,0.25,theoretical_max_variance,0.030000000000000006,4.52703169237139,0.65,schema_only,John Mitzewich,Chicken | Vegetables | Pork | Breakfast,,0.0,2026-08-19T05:02:49.320697+00:00,17,0.3978717456456982,5.599479142444114,10,29,0.16666666666666666,1.0,36,0.0,0.0,0.0,0.0,0.0,0.0,,,5,2026-08-19T05:02:49.320697+00:00,False,0.0,4.0,6.086049621881176,1.0,1.0,5.0,0.0,0.0,0.0,B,17.0,0.0,Raw 4.700; source/category adjustment +0.126; posterior 4.807; uncertainty -0.250 (theoretical_max_variance); evidence -0.030; final 4.527.,https://www.allrecipes.com/recipe/233794/slow-cooked-green-beans/,https://www.allrecipes.com/thmb/mLZydRkN2eogbs_QqKOrZY76CzA=/1500x0/filters:no_upscale():max_bytes(150000):strip_icc()/233794-slow-cooked-green-beans-DDMFS-Beauty-4x3-041e3c8517c14637948c57312dd18c9a.jpg,"['6 slices bacon, sliced crosswise into 1/2-inch pieces', '1 onion, sliced lengthwise', '3 cloves garlic, minced', '0.25 cup tomato sauce', '2 pounds fresh green beans, trimmed', '3 cups chicken broth', 'salt and ground black pepper to taste', '1 pinch cayenne pepper, or to taste']",True,5
d51b9bb0776f2766d73aa23f,Slow Cooker Taco Soup with Ranch Dressing Mix,allrecipes.com,allrecipes.com,https://www.allrecipes.com/recipe/164555/slow-cooker-taco-soup-with-ranch-dressing-mix/,4.7,304,-0.12614246221012865,4.71203358911356,4.826142462210129,4.806275899213926,0.25,theoretical_max_variance,0.030000000000000006,4.526275899213926,0.65,schema_only,MICHMEIG,Beef,,0.0,2026-08-19T05:02:49.320697+00:00,18,0.4021645295062156,5.648869110027442,11,31,0.0,1.0,36,0.0,0.0,0.0,0.0,0.0,0.0,,,5,2026-08-19T05:02:49.320697+00:00,False,0.0,5.0,6.086049621881176,1.0,1.0,5.0,0.0,0.0,0.0,B,18.0,0.0,Raw 4.700; source/category adjustment +0.126; posterior 4.806; uncertainty -0.250 (theoretical_max_variance); evidence -0.030; final 4.526.,https://www.allrecipes.com/recipe/164555/slow-cooker-taco-soup-with-ranch-dressing-mix/,https://www.allrecipes.com/thmb/GYR_cq5TUS8BnnfVSP3hRbFEQHI=/1500x0/filters:no_upscale():max_bytes(150000):strip_icc()/164555slow-cooker-taco-soup-with-ranch-dressing-mixSoupLovingNicole4x3-4073fd228300440e90a2fdd3d1e92834.jpg,"['1 pound ground beef', '1 (1.25 ounce) package taco seasoning mix', '1 (1 ounce) package ranch dressing mix', '1 (15.5 ounce) can corn, undrained', '1 (15.5 ounce) can black beans, undrained', '1 (14.5 ounce) can diced tomatoes and green chiles, undrained', '1 (15 ounce) can sliced black olives', '1 onion, diced', '1 green bell pepper, diced', '1 cup tomato juice']",True,3
6094a078d0b65435c51318c7,Skinny Slow Cooker Kung Pao Chicken,therecipecritic.com,therecipecritic.com,https://therecipecritic.com/skinny-slow-cooker-kung-pao-chicken/,5.0,31,0.0011849966078731238,4.701966378253208,4.998815003392127,4.805402776728476,0.25,theoretical_max_variance,0.030000000000000006,4.525402776728476,0.65,schema_only,,Chicken | Vegetables | Snacks,,0.0,2026-08-19T05:02:49.320697+00:00,19,0.6268687473523351,2.3213980461973533,16,23,0.0,1.0,36,,,,,,,,,0,,False,,,,,,,,,,C,,,Raw 5.000; source/category adjustment -0.001; posterior 4.805; uncertainty -0.250 (theoretical_max_variance); evidence -0.030; final 4.525.,https://therecipecritic.com/skinny-slow-cooker-kung-pao-chicken/,https://therecipecritic.com/wp-content/uploads/2018/01/Skinny-Slow-Cooker-Kung-Pao-Chicken-2-650x975-3.jpg,"['1 ¼ pounds cubed boneless skinless chicken breasts pieces (cut into bite-sized chunks)', '⅛ teaspoon salt', '¼ teaspoon black pepper', '3 tablespoons olive oil', '1 large chopped red bell pepper', '1 medium chopped zucchini', '⅔ cup roasted cashews (or roasted peanuts)', '**4-6 dried red chili peppers (found in Asian supermarkets or the International section- see NOTE)', '½ cup low-sodium soy sauce', '½ cup water', '3 tablespoons honey', '2 tablespoons hoisin sauce', '3 cloves minced garlic', '1 teaspoon grated fresh ginger', '¼ teaspoon dried red pepper chili flakes (or more to taste)', '2 tablespoons cornstarch ( or arrowroot powder)', '2 tablespoons water']",True,7
b82c7d90dfb9ff33bc3139b8,Slow Cooker Roast Beef in its own Gravy,allrecipes.com,allrecipes.com,https://www.allrecipes.com/recipe/238445/slow-cooker-roast-beef-in-its-own-gravy/,4.8,49,-0.12614246221012865,4.687349562095165,4.926142462210128,4.804599398567141,0.25,theoretical_max_variance,0.030000000000000006,4.52459939856714,0.65,schema_only,Heather Dunn,Potatoes | Vegetables | Beef,,0.0,2026-08-19T05:02:49.320697+00:00,20,0.6169719033388922,2.48327740429189,18,27,0.0,1.0,36,0.0,0.0,0.0,0.0,0.0,0.0,,,5,2026-08-19T05:02:49.320697+00:00,False,0.0,6.0,5.2687759489277965,1.0,1.0,5.0,0.0,0.0,0.0,C,19.0,-1.0,Raw 4.800; source/category adjustment +0.126; posterior 4.805; uncertainty -0.250 (theoretical_max_variance); evidence -0.030; final 4.525.,https://www.allrecipes.com/recipe/238445/slow-cooker-roast-beef-in-its-own-gravy/,https://www.allrecipes.com/thmb/60s_0VKzM2uHX_CIwylgpnFWOOg=/1500x0/filters:no_upscale():max_bytes(150000):strip_icc()/1243603-slow-cooker-roast-beef-in-its-own-gravy-Heather-Dunn-4x3-1-d48c040c92f54a668f8432eeb860e517.jpg,"['1 pound baby red potatoes, halved', '1 (16 ounce) package baby carrots', '1 yellow onion, quartered', '1 (10 ounce) can condensed cream of celery soup', '1 (1.5 ounce) package beef stew seasoning mix', '1 (3 pound) beef chuck roast', '1 (1 ounce) envelope onion soup mix (such as Lipton® Beefy Onion)']",True,7
b13876f7ffc386389ed89401,Easy Slow Cooker Salsa Chicken,allrecipes.com,allrecipes.com,https://www.allrecipes.com/recipe/272331/easy-slow-cooker-salsa-chicken/,4.8,47,-0.12614246221012865,4.6831288290660416,4.926142462210128,4.8020933560178,0.25,theoretical_max_variance,0.030000000000000006,4.5220933560178,0.65,schema_only,EverFit Montana,Chicken,,0.0,2026-08-19T05:02:49.320697+00:00,21,0.5906165024569627,2.8418988174966553,19,29,0.0,1.0,36,0.0,0.0,0.0,0.0,0.0,0.0,,,5,2026-08-19T05:02:49.320697+00:00,False,0.0,7.0,5.2687759489277965,1.0,1.0,5.0,0.0,0.0,0.0,C,20.0,-1.0,Raw 4.800; source/category adjustment +0.126; posterior 4.802; uncertainty -0.250 (theoretical_max_variance); evidence -0.030; final 4.522.,https://www.allrecipes.com/recipe/272331/easy-slow-cooker-salsa-chicken/,https://www.allrecipes.com/thmb/35q5pZpBgzXL9VgsfphIC5yGlxo=/1500x0/filters:no_upscale():max_bytes(150000):strip_icc()/272331-easy-slow-cooker-salsa-chicken-VAT-Beauty-4x3-1d838f1c18c44df494cdcd8bee18aded.jpg,"['3 chicken breasts', '1 teaspoon chili powder', '1 teaspoon garlic powder', '1 teaspoon ground cumin', '1 teaspoon onion powder', '1 (15.5 ounce) jar salsa', '1 (4 ounce) can chopped green chile peppers']",True,2
d2a66375fc875c8ee19fd8ed,Slow Cooker Beef Brisket Recipe,natashaskitchen.com,natashaskitchen.com,https://natashaskitchen.com/slow-cooker-beef-brisket-recipe/,4.95,99,0.09320278897103623,4.6926638622563885,4.856797211028964,4.799310628870591,0.25,theoretical_max_variance,0.030000000000000006,4.519310628870591,0.65,schema_only,,Chicken | Vegetables | Beef,,0.0,2026-08-19T04:46:36.227580+00:00,22,0.6978925174621735,1.818118685772619,19,24,0.0,1.0,36,0.0,0.0,0.0,0.0,0.0,0.0,,,0,,False,,14.0,3.2998316455372216,0.0,1.0,3.0,0.0,0.0,0.0,B,21.0,-1.0,Raw 4.950; source/category adjustment -0.093; posterior 4.799; uncertainty -0.250 (theoretical_max_variance); evidence -0.030; final 4.519.,https://natashaskitchen.com/slow-cooker-beef-brisket-recipe/,https://natashaskitchen.com/wp-content/uploads/2017/10/Slow-Cooker-Beef-Brisket-Recipe-9.jpg,"['3 Tbsp Olive oil to sauté (divided)', '4 lb beef brisket', '2 tsp sea salt  (or to taste)', '1 tsp  black pepper (freshly ground)', '1 lb yellow onions (2 medium) (sliced into thick strips)', '1 lb mushrooms (thickly sliced)', '6  garlic cloves (peeled and chopped (not pressed)*)', '2 cups low sodium chicken stock or beef broth', '2 1/2 Tbsp Worcestershire sauce']",True,4
00c9e3eb3dbb7a002f6ac9c2,Slow Cooker Green Bean Casserole,allrecipes.com,allrecipes.com,https://www.allrecipes.com/recipe/229809/slow-cooker-green-bean-casserole/,4.7,181,-0.12614246221012865,4.682978998827803,4.826142462210129,4.7956975994367275,0.25,theoretical_max_variance,0.030000000000000006,4.515697599436727,0.65,schema_only,Allrecipes Member,Chicken | Vegetables,,0.0,2026-08-19T05:02:49.320697+00:00,23,0.47548401697906406,4.743416490252569,23,38,0.0,1.0,36,0.0,0.0,0.0,0.0,0.0,0.0,,,5,2026-08-19T05:02:49.320697+00:00,False,0.0,7.0,6.711184694225007,1.0,1.0,5.0,0.0,0.0,0.0,B,22.0,-1.0,Raw 4.700; source/category adjustment +0.126; posterior 4.796; uncertainty -0.250 (theoretical_max_variance); evidence -0.030; final 4.516.,https://www.allrecipes.com/recipe/229809/slow-cooker-green-bean-casserole/,https://www.allrecipes.com/thmb/lKVVr3POOSA5Jev8IEa3-EtQ-nM=/1500x0/filters:no_upscale():max_bytes(150000):strip_icc()/229809-slow-cooker-green-bean-casserole-VAT-Beauty-4x3-09df6d05ce3c42eca4909a2a5b315197.jpg,"['2 (16 ounce) packages frozen cut green beans', '2 (10.75 ounce) cans cream of chicken soup', '0.66666668653488 cup milk', '0.5 cup grated Parmesan cheese', '0.25 teaspoon salt', '0.25 teaspoon ground black pepper', '1 (6 ounce) can French-fried onions, divided']",True,5
5654b541a879d6b50f9aaf63,Slow Cooker Bread Recipe,diethood.com,diethood.com,https://diethood.com/slow-cooker-bread-basil-pesto/,4.92,50,0.02784292170643155,4.685487196197013,4.892157078293568,4.78882213724529,0.25,theoretical_max_variance,0.030000000000000006,4.50882213724529,0.65,schema_only,,,,0.0,2026-08-19T04:46:36.227580+00:00,24,0.6991929701770293,1.8929694486000912,23,30,0.0,1.0,36,0.0,0.0,0.0,0.0,0.0,0.0,,,0,,False,,9.0,5.7608593109014565,1.0,1.0,4.0,0.0,0.0,0.0,B,23.0,-1.0,Raw 4.920; source/category adjustment -0.028; posterior 4.789; uncertainty -0.250 (theoretical_max_variance); evidence -0.030; final 4.509.,https://diethood.com/slow-cooker-bread-basil-pesto/,https://diethood.com/wp-content/uploads/2017/11/No-Rise-Slow-Cooker-Basil-Pesto-Bread.jpg,"['2¼ teaspoons (or 1 envelope) active dry yeast', '1 tablespoon sugar', '1½ cups lukewarm water ((about 105 degrees Fahrenheit))', '3¾ cups all-purpose flour', '1 tablespoon olive oil', '¼ cup basil pesto', '1 teaspoon salt', 'dried parsley, (for topping)', 'kosher salt, (for topping)']",True,8
fcd6234cd4a25e71b2bbd0a9,Slow Cooker Chicken Enchilada Casserole,allrecipes.com,allrecipes.com,https://www.allrecipes.com/slow-cooker-chicken-enchilada-casserole-recipe-8788263,4.8,37,-0.12614246221012865,4.6831288290660416,4.926142462210128,4.78783483806466,0.25,theoretical_max_variance,0.030000000000000006,4.507834838064659,0.65,schema_only,Juliana Hale,Chicken,,0.0,2026-08-19T05:02:49.320697+00:00,25,0.5602866331740662,3.531603350069515,23,35,0.0,1.0,36,0.0,0.0,0.0,0.0,0.0,0.0,,,5,2026-08-19T05:02:49.320697+00:00,False,0.0,11.0,5.748043145279966,0.0,1.0,5.0,0.0,0.0,0.0,C,24.0,-1.0,Raw 4.800; source/category adjustment +0.126; posterior 4.788; uncertainty -0.250 (theoretical_max_variance); evidence -0.030; final 4.508.,https://www.allrecipes.com/slow-cooker-chicken-enchilada-casserole-recipe-8788263,https://www.allrecipes.com/thmb/yrHRT8hKcG7wjLTsoy6GQp9AJcI=/1500x0/filters:no_upscale():max_bytes(150000):strip_icc()/8788263-Slow-Cooker-Chicken-Enchilada-ddmfs-4x3-beauty-0e64e8ca5ec8456a90803f8774e382a5.jpg,"['1 pound skinless, boneless chicken thighs', '1 (15-ounce) can black beans, rinsed and drained', '1 cup frozen whole kernel corn', '1/2 cup finely chopped onion', '2 cloves garlic, minced', '1/2 teaspoon salt', '1/2 teaspoon ground black pepper', '1/2 teaspoon ground cumin', '2 (10-ounce) cans medium red enchilada sauce', '1 (8-ounce) package shredded Mexican blend cheeses, divided', '8 (6-inch) corn tortillas, cut in 1-inch pieces', 'Shredded iceberg or romaine lettuce', 'Chopped fresh tomato', 'Chopped green onion', 'Sour cream']",True,7
0e55c9ae009a88a1053b855f,Slow Cooker Zuppa Toscana,allrecipes.com,allrecipes.com,https://www.allrecipes.com/recipe/261337/slow-cooker-zuppa-toscana/,4.7,128,-0.12614246221012865,4.6845558140184025,4.826142462210129,4.786632556026669,0.25,theoretical_max_variance,0.030000000000000006,4.506632556026669,0.65,schema_only,Heather Stalzer,Chicken | Potatoes | Pork | Snacks,,0.0,2026-08-19T05:02:49.320697+00:00,26,0.4508664037889228,5.60257877132387,24,41,0.0,1.0,36,0.0,0.0,0.0,0.0,0.0,0.0,,,5,2026-08-19T05:02:49.320697+00:00,False,0.0,9.0,7.310266752998826,1.0,1.0,5.0,0.0,0.0,0.0,B,25.0,-1.0,Raw 4.700; source/category adjustment +0.126; posterior 4.787; uncertainty -0.250 (theoretical_max_variance); evidence -0.030; final 4.507.,https://www.allrecipes.com/recipe/261337/slow-cooker-zuppa-toscana/,https://www.allrecipes.com/thmb/4UoOeIPIlcPNo_A-UsJnPl3rysA=/1500x0/filters:no_upscale():max_bytes(150000):strip_icc()/261337-slow-cooker-zuppa-toscana-VAT-Beauty-4x3-57e7af5ec76c4b769f1ed55b48b4786a.jpg,"['1 pound bulk pork sausage', '1 large yellow onion, chopped', '2 tablespoons minced garlic', '4 large russet potatoes, chopped', '0.5 teaspoon salt', '0.25 teaspoon ground black pepper', '1 pinch red pepper flakes', '1 (32 ounce) container chicken broth', '2 cups water, or as needed', '1 cup heavy whipping cream', '1 bunch kale, stems removed and discarded, leaves torn into bite-size pieces', '0.25 cup shredded Parmesan cheese']",True,4
105e9d683baf92739a3d5970,French Onion Dip Sandwiches (Slow Cooker),allrecipes.com,allrecipes.com,https://www.allrecipes.com/recipe/261464/french-onion-dip-sandwiches-slow-cooker/,4.8,36,-0.12614246221012865,4.71203358911356,4.926142462210128,4.7862266098769215,0.25,theoretical_max_variance,0.030000000000000006,4.506226609876921,0.65,schema_only,TheElusivePastry,Beef,,0.0,2026-08-19T05:02:49.320697+00:00,27,0.5773983267698022,3.4399612400917157,26,37,0.0,1.0,36,0.0,0.0,0.0,0.0,0.0,0.0,,,5,2026-08-19T05:02:49.320697+00:00,False,0.0,12.0,6.144916598294887,0.0,1.0,5.0,0.0,0.0,0.0,C,26.0,-1.0,Raw 4.800; source/category adjustment +0.126; posterior 4.786; uncertainty -0.250 (theoretical_max_variance); evidence -0.030; final 4.506.,https://www.allrecipes.com/recipe/261464/french-onion-dip-sandwiches-slow-cooker/,https://www.allrecipes.com/thmb/ldGKsvpb-c18oxcROZuVsNSMKdM=/1500x0/filters:no_upscale():max_bytes(150000):strip_icc()/7958638-db3097a620a14734b472f422444bb85e.jpg,"['5 tablespoons olive oil, divided', '2 large onions, thinly sliced', '3 tablespoons butter, divided', '1 teaspoon white sugar', '0.5 teaspoon salt', '3 cloves garlic, minced', '6 tablespoons water', '0.25 cup dry vermouth', '2.5 cups beef stock', '1 tablespoon Worcestershire sauce', '1 tablespoon soy sauce', '1 teaspoon fresh thyme', '1 bay leaf', '0.25 teaspoon ground black pepper', '3 pounds rump roast', 'salt and ground black pepper to taste', '8 French rolls, split', '1 (6 ounce) package grated Gruyere cheese']",True,8
b94cd07e51b69ee5dd43e92d,Crockpot Lasagna Recipe,therealfooddietitians.com,therealfooddietitians.com,https://therealfooddietitians.com/crockpot-lasagna-recipe/,5.0,63,0.14435568641878505,4.71203358911356,4.855644313581215,4.780353553676701,0.25,theoretical_max_variance,0.030000000000000006,4.5003535536767005,0.65,schema_only,Jessica Beacom,Beef,,0.0,2026-08-19T04:46:36.227580+00:00,28,0.4745699897375758,5.314419587834174,17,31,0.0,1.0,36,,,,,,,,,0,,False,,27.0,0.0,0.0,1.0,2.0,,,,B,27.0,-1.0,Raw 5.000; source/category adjustment -0.144; posterior 4.780; uncertainty -0.250 (theoretical_max_variance); evidence -0.030; final 4.500.,https://therealfooddietitians.com/crockpot-lasagna-recipe/,https://therealfooddietitians.com/wp-content/uploads/2024/10/crockpot-lasagna-5-225x225.jpg,"['1 teaspoon avocado oil or olive oil', '1 lb lean ground beef (I use 90-93% lean)', '½ medium yellow onion, diced finely (¾ cup)', '5 garlic cloves, minced (~1 ½ tablespoons)', '2 teaspoons dried Italian seasoning', '½ teaspoon fine salt', '¼ teaspoon black pepper', '1 (24-ounce) jar marinara sauce', '1 ½ cups water*', '3 ounces fresh spinach (2 large handfuls), roughly chopped', '8 ounces uncooked lasagna noodles (not the ‘No boil’ type), broken into small pieces**', '8 ounces (2 cups) shredded mozzarella cheese, divided', '1 cup cottage cheese, lightly drained if there is a lot of liquid***', '⅓ cup shredded Parmesan cheese', 'Fresh basil leaves, optional for garnish']",True,6
c1e83983ea0f7b090ba03279,Meat-Lover’s Slow Cooker Spaghetti Sauce,allrecipes.com,allrecipes.com,https://www.allrecipes.com/recipe/213266/meat-lovers-slow-cooker-spaghetti-sauce/,4.6,581,-0.12614246221012865,4.680000475217369,4.726142462210128,4.7229209672804044,0.1950659200212181,theoretical_max_variance,0.030000000000000006,4.497855047259186,0.65,schema_only,Ashley,Beef | Pork,,0.0,2026-08-19T05:02:49.320697+00:00,29,0.09202834146164952,48.34446710844996,14,166,0.0,0.5,36,0.0,0.0,0.0,0.0,0.0,0.0,,,5,2026-08-19T05:02:49.320697+00:00,False,0.0,6.0,9.28654941299512,1.0,1.0,5.0,0.0,0.0,0.0,B,29.0,0.0,Raw 4.600; source/category adjustment +0.126; posterior 4.723; uncertainty -0.195 (theoretical_max_variance); evidence -0.030; final 4.498.,https://www.allrecipes.com/recipe/213266/meat-lovers-slow-cooker-spaghetti-sauce/,https://www.allrecipes.com/thmb/Gq6l0lgBax26g3nzISMLqdG7cnE=/1500x0/filters:no_upscale():max_bytes(150000):strip_icc()/213266-meat-lovers-slow-cooker-spaghetti-sauce-VAT-Beauty-4x3-d9c08b145c6d46999c0b4db1bc1f5c2f.jpg,"['2 tablespoons olive oil', '0.25 pound bulk Italian sausage', '2 small onions, chopped', '1 pound ground beef', '1 teaspoon dried Italian herb seasoning', '1 teaspoon garlic powder', '0.5 teaspoon dried marjoram', '1 (29 ounce) can tomato sauce', '1 (14.5 ounce) can Italian-style diced tomatoes', '1 (14.5 ounce) can Italian-style stewed tomatoes', '1 (6 ounce) can tomato paste', '2 teaspoons garlic powder', '0.5 teaspoon dried oregano', '0.25 teaspoon dried thyme leaves', '0.25 teaspoon dried basil', '1 tablespoon white sugar']",True,3
41d95bd4724a811f6364aed9,Beef Barbacoa (Slow Cooker),diethood.com,diethood.com,https://diethood.com/slow-cooker-beef-barbacoa/,4.91,44,0.02784292170643155,4.7286259433450715,4.882157078293568,4.777545438880507,0.25,theoretical_max_variance,0.030000000000000006,4.497545438880507,0.65,schema_only,,Desserts | Beef,,0.0,2026-08-19T04:07:54.568060+00:00,30,0.7285029720968149,1.8633899812498247,28,34,0.0,1.0,36,0.0,0.0,0.0,0.0,0.0,0.0,,,0,,False,,14.0,5.722761571129799,0.0,1.0,4.0,0.0,0.0,0.0,C,28.0,-2.0,Raw 4.910; source/category adjustment -0.028; posterior 4.778; uncertainty -0.250 (theoretical_max_variance); evidence -0.030; final 4.498.,https://diethood.com/slow-cooker-beef-barbacoa/,https://diethood.com/wp-content/uploads/2020/04/Barbacoa-5-1.jpg,"['3 to 4 pounds chuck roast (cut into 6 to 8 pieces)', '1 large yellow onion (diced)', '4 cloves garlic (minced)', '1 can (4-ounces) green chilies', '2  chipotles in adobo (diced)', '1 tablespoon ground cumin', '1 tablespoon dried oregano', '1½ teaspoons salt', '¾ teaspoon fresh ground black pepper', '½ cup beef broth ((try to use low-sodium beef broth whenever possible))', '2 tablespoons apple cider vinegar', 'juices from 2 limes', '2  bay leaves', '¼ cup chopped fresh cilantro or parsley (for garnish)']",True,6
d9047a7b4311a78fe33b2253,Crockpot Chicken Tacos Recipe,therealfooddietitians.com,therealfooddietitians.com,https://therealfooddietitians.com/slow-cooker-chicken-tacos/,5.0,55,0.14435568641878505,4.682978998827803,4.855644313581215,4.7746171148268335,0.25,theoretical_max_variance,0.030000000000000006,4.494617114826833,0.65,schema_only,The Real Food Dietitians,Chicken | Vegetables,,0.0,2026-08-19T04:46:36.227580+00:00,31,0.4919376389694108,5.267167697686827,18,33,0.0,1.0,36,,,,,,,,,0,,False,,30.0,0.0,0.0,1.0,2.0,,,,B,30.0,-1.0,Raw 5.000; source/category adjustment -0.144; posterior 4.775; uncertainty -0.250 (theoretical_max_variance); evidence -0.030; final 4.495.,https://therealfooddietitians.com/slow-cooker-chicken-tacos/,https://therealfooddietitians.com/wp-content/uploads/2016/01/Slow-Cooker-Chicken-Tacos-Finals-13-225x225.jpg,"['2 lbs. chicken breast or chicken thighs*', '1 cup salsa, any kind', '½ cup water**', '2 teaspoons ground cumin***', '2 teaspoons chili powder***', '1 teaspoon garlic powder', '1 teaspoon ground coriander*** (optional but recommended)', '½ teaspoon sea salt', '¼ teaspoon cayenne pepper*** (use more for extra spice)', '¼ teaspoon black pepper', 'Taco shells for tacos, rice or cauliflower rice for taco bowls, lettuce for taco salads, or lettuce leaves for lettuce wraps', 'Your favorite toppings (diced tomatoes, red onions, jalapeno, fresh cilantro, olives, avocado, hot sauce, fresh salsa, lime wedge, shredded cheese, or sour cream)']",True,14
f8fc87a73a3a01aef1042fb2,Slow Cooker Creole Chicken and Sausage,pinchofyum.com,pinchofyum.com,https://pinchofyum.com/slow-cooker-creole-chicken-sausage,4.8,68,-0.0383535759376376,4.665548095193611,4.838353575937638,4.773579686217034,0.25,theoretical_max_variance,0.030000000000000006,4.493579686217034,0.65,schema_only,Lindsay Ostrom,Chicken | Pork,,0.0,2026-08-19T04:46:36.227580+00:00,32,0.729383742295989,1.9293061504650375,31,37,0.0,1.0,36,,,,,,,,,0,,False,,31.0,0.0,0.0,1.0,2.0,,,,B,31.0,-1.0,Raw 4.800; source/category adjustment +0.038; posterior 4.774; uncertainty -0.250 (theoretical_max_variance); evidence -0.030; final 4.494.,https://pinchofyum.com/slow-cooker-creole-chicken-sausage,https://pinchofyum.com/tachyon/Creole-Chicken-square.jpg?fit=225%2C225,"['1 pound boneless skinless chicken breasts', '12 ounces smoked Andouille sausage, cut into small rounds', '1 cup chopped onions', '2 cloves minced garlic', '1 1/4 cup low sodium chicken broth', '1 can (14.5 ounces) diced tomatoes', '3 tablespoons tomato paste', '1/2 cup tomato sauce', '2 teaspoons Creole seasoning', '1/4 teaspoon cayenne', '1 tablespoon brown sugar', '1 14 ounce can black beans, rinsed and drained', '2 green bell peppers, chopped', '1/2 cup sliced green onions for topping', '2 tablespoons almond butter (randomly delicious)', 'salt to taste', 'brown rice for serving']",True,2
b19e9fea7a011015198c1ab3,Slow Cooker Venison Stroganoff Meal,allrecipes.com,allrecipes.com,https://www.allrecipes.com/recipe/163894/slow-cooker-venison-stroganoff-meal/,4.7,72,-0.12614246221012865,4.683249214549118,4.826142462210129,4.768496861385081,0.25,theoretical_max_variance,0.030000000000000006,4.488496861385081,0.65,schema_only,Kristi Whittington,Vegetables | Breakfast,,0.0,2026-08-19T05:02:49.320697+00:00,33,0.39908301716996347,7.980444849756184,32,55,0.0,0.8333333333333334,36,0.0,0.0,0.0,0.0,0.0,0.0,,,5,2026-08-19T05:02:49.320697+00:00,False,0.0,14.0,7.631513611335565,0.0,1.0,5.0,0.0,0.0,0.0,B,32.0,-1.0,Raw 4.700; source/category adjustment +0.126; posterior 4.768; uncertainty -0.250 (theoretical_max_variance); evidence -0.030; final 4.488.,https://www.allrecipes.com/recipe/163894/slow-cooker-venison-stroganoff-meal/,https://www.allrecipes.com/thmb/Gz1KtiEQasF8ntAdlY_sJWL_oLU=/1500x0/filters:no_upscale():max_bytes(150000):strip_icc()/4475984-7627e901ff26489d89f427791710c888.jpg,"['3 tablespoons olive oil', '1 pound venison stew meat', '1 teaspoon salt', '1 teaspoon ground black pepper', '1 teaspoon garlic powder', '1 teaspoon onion powder', '1 tablespoon all-purpose flour', '1 cup water', '1 (10.5 ounce) can condensed cream of mushroom soup', '1 (16 ounce) package uncooked egg noodles']",True,5
88f6def3212d8c7649ebf5be,Crockpot Sweet Potato Lentils,pinchofyum.com,pinchofyum.com,https://pinchofyum.com/crockpot-sweet-potato-lentils,4.8,56,-0.0383535759376376,4.675007548585969,4.838353575937638,4.766246793041116,0.25,theoretical_max_variance,0.030000000000000006,4.486246793041116,0.65,schema_only,Lindsay Ostrom,Potatoes | Vegetables,,0.0,2026-08-19T04:46:36.227580+00:00,34,0.6808087520259688,2.5317429218272185,33,42,0.0,1.0,36,,,,,,,,,0,,False,,33.0,0.0,0.0,1.0,2.0,,,,B,33.0,-1.0,Raw 4.800; source/category adjustment +0.038; posterior 4.766; uncertainty -0.250 (theoretical_max_variance); evidence -0.030; final 4.486.,https://pinchofyum.com/crockpot-sweet-potato-lentils,https://pinchofyum.com/tachyon/2013/09/lentils-11.jpg?fit=150%2C225,"['3 large sweet potatoes, diced (about 6 cups)', '3 cups vegetable broth', '1 onion, minced', '4 cloves garlic, minced', '2 teaspoon each ground coriander, garam masala, and chili powder', '1/2 teaspoon salt', '1 1/2 cups uncooked red lentils (masoor dal)', '1 can coconut milk', '1 cup water']",True,3
c4428a342b89be98960c2060,Slow Cooker Reuben Dip,allrecipes.com,allrecipes.com,https://www.allrecipes.com/recipe/89707/slow-cooker-reuben-dip/,4.6,514,-0.12614246221012865,4.71203358911356,4.726142462210128,4.722538271960739,0.20632722066129716,theoretical_max_variance,0.030000000000000006,4.486211051299442,0.65,schema_only,C Ella Church,Beef,,0.0,2026-08-19T05:02:49.320697+00:00,35,0.09098355792851642,54.950482759986336,17,184,0.0,0.5,36,0.0,0.0,0.0,0.0,0.0,0.0,,,5,2026-08-19T05:02:49.320697+00:00,False,0.0,8.0,10.983624174196784,1.0,1.0,5.0,0.0,0.0,0.0,B,35.0,0.0,Raw 4.600; source/category adjustment +0.126; posterior 4.723; uncertainty -0.206 (theoretical_max_variance); evidence -0.030; final 4.486.,https://www.allrecipes.com/recipe/89707/slow-cooker-reuben-dip/,https://www.allrecipes.com/thmb/7Yx9qtZVzNJGBXk4qrXTaWE7BsY=/1500x0/filters:no_upscale():max_bytes(150000):strip_icc()/89707-slow-cooker-reuben-dip-VAT-Beauty-4x3-a7888629a6ba42f184e95893714e1c3a.jpg,"['1 (16 ounce) jar sauerkraut, drained', '1 (8 ounce) package cream cheese, softened', '2 cups shredded Swiss cheese', '2 cups shredded cooked corned beef', '0.25 cup thousand island dressing']",True,1
6ed8226aec01e9e349b7bc88,Crockpot Beef Tips Recipe,therealfooddietitians.com,therealfooddietitians.com,https://therealfooddietitians.com/crockpot-beef-tips/,5.0,44,0.14435568641878505,4.687349562095165,4.855644313581215,4.7651352085896175,0.25,theoretical_max_variance,0.030000000000000006,4.485135208589617,0.65,schema_only,Jessie Shafer,Potatoes | Vegetables | Beef,,0.0,2026-08-19T04:46:36.227580+00:00,36,0.5555187219680748,4.480668352923355,25,39,0.0,1.0,36,,,,,,,,,0,,False,,34.0,0.0,0.0,1.0,2.0,,,,C,34.0,-2.0,Raw 5.000; source/category adjustment -0.144; posterior 4.765; uncertainty -0.250 (theoretical_max_variance); evidence -0.030; final 4.485.,https://therealfooddietitians.com/crockpot-beef-tips/,https://therealfooddietitians.com/wp-content/uploads/2021/11/Slow-Cooker-Beef-Tips-with-Gravy-6-225x225.jpg,"['1 tablespoon avocado oil, divided (for Instant Pot version only)', '2 lbs. beef tips (cubed sirloin) or cubed beef stew meat (1- to 2-inch pieces)', '1 (12-ounce) bag frozen pearl onions (add while still frozen)', '¼ cup tomato paste', '1 teaspoon garlic powder', '1 teaspoon onion powder', '1 teaspoon dried thyme', '1 teaspoon coarse sea salt', '½ teaspoon black pepper', '8 ounces fresh mushrooms, sliced or coarsely diced', '1 ½ cups low-sodium beef broth', '2 to 4 tablespoons cornstarch', 'For serving: Cooked mashed potatoes, mashed parsnips or cauliflower, or noodles', 'Snipped fresh parsley for garnish (optional)']",True,25
68dd8e8722e15e2d999b44a6,Slow Cooker Salmon with Creamy Lemon Sauce,diethood.com,diethood.com,https://diethood.com/slow-cooker-salmon/,4.87,50,0.02784292170643155,4.692203923468575,4.842157078293568,4.76382213724529,0.25,theoretical_max_variance,0.030000000000000006,4.48382213724529,0.65,schema_only,,Chicken | Vegetables | Seafood,,0.0,2026-08-19T04:07:54.568060+00:00,37,0.7040107473506263,2.396467307424734,35,43,0.0,1.0,36,0.0,0.0,0.0,0.0,0.0,0.0,,,0,,False,,19.0,7.158910531638177,0.0,1.0,4.0,0.0,0.0,0.0,B,36.0,-1.0,Raw 4.870; source/category adjustment -0.028; posterior 4.764; uncertainty -0.250 (theoretical_max_variance); evidence -0.030; final 4.484.,https://diethood.com/slow-cooker-salmon/,https://diethood.com/wp-content/uploads/2019/01/Slow-Cooker-Salmon-with-Creamy-Lemon-Sauce-13.jpg,"['3  lemons, (divided)', '1.5 to 2 pounds skin-on salmon fillet', 'cooking spray', 'salt and fresh ground pepper (to taste)', '1/2 teaspoon sweet paprika (or to taste)', '1/2 teaspoon chili powder (or to taste)', '1 teaspoon garlic granules (or garlic powder)', '1 teaspoon Italian Seasoning', '1 cup low-sodium vegetable broth', 'juice of 1 lemon', '3 tablespoons lemon juice  ((I just scoop out juice from the slow cooker where the fish was cooked))', '1/4 cup chicken broth, water, OR white wine', '2/3 cup heavy cream', '1/8 teaspoon lemon zest', 'chopped fresh parsley (for garnish)']",True,19
be83651c86231bc93069be18,Sandy&#39;s Sweet Slow Cooker Sauerkraut,allrecipes.com,allrecipes.com,https://www.allrecipes.com/recipe/222427/sandys-sweet-slow-cooker-sauerkraut/,4.8,24,-0.12614246221012865,4.714023733083074,4.926142462210128,4.763537552741807,0.25,theoretical_max_variance,0.030000000000000006,4.483537552741807,0.65,schema_only,MellieLynn,Vegetables | Desserts,,0.0,2026-08-19T05:02:49.320697+00:00,38,0.5325909211123236,5.090159351358484,33,48,0.0,1.0,36,0.0,0.0,0.0,0.0,0.0,0.0,,,5,2026-08-19T05:02:49.320697+00:00,False,0.0,17.0,8.863407922464136,0.0,1.0,5.0,0.0,0.0,0.0,C,37.0,-1.0,Raw 4.800; source/category adjustment +0.126; posterior 4.764; uncertainty -0.250 (theoretical_max_variance); evidence -0.030; final 4.484.,https://www.allrecipes.com/recipe/222427/sandys-sweet-slow-cooker-sauerkraut/,https://www.allrecipes.com/thmb/DPQWNNQ3HyU-ao8mNedJvHH1THs=/1500x0/filters:no_upscale():max_bytes(150000):strip_icc()/1059813-sandys-sweet-slow-cooker-sauerkraut-Its-A-New-Day-4x3-1-7d63627ec3d747248322e8ac175cae6b.jpg,"['1 quart sauerkraut, drained and rinsed', '1.5 cups water', '0.75 cup diced carrot', '0.75 cup brown sugar', '0.66666668653488 cup chopped apple', '0.5 sweet onion, minced', '1 teaspoon caraway seeds', 'salt and ground black pepper to taste', '1 pound fully cooked kielbasa, cut into 1-inch pieces']",True,1
f2e1e6b10c1906dfe89e8c8b,Slow Cooker Texas Style Chili,pinchofyum.com,pinchofyum.com,https://pinchofyum.com/slow-cooker-texas-style-chili,4.9,22,-0.0383535759376376,4.711601298269048,4.938353575937638,4.762751923339982,0.25,theoretical_max_variance,0.030000000000000006,4.482751923339982,0.65,schema_only,Lindsay Ostrom,Vegetables | Beef | Snacks,,0.0,2026-08-19T04:46:36.227580+00:00,39,0.6298636050022536,3.467107343785787,34,44,0.0,1.0,36,,,,,,,,,0,,False,,38.0,0.0,0.0,1.0,2.0,,,,C,38.0,-1.0,Raw 4.900; source/category adjustment +0.038; posterior 4.763; uncertainty -0.250 (theoretical_max_variance); evidence -0.030; final 4.483.,https://pinchofyum.com/slow-cooker-texas-style-chili,https://pinchofyum.com/tachyon/Slow-Cooker-Texas-Chili_HighRes-012-scaled-Square.jpg?fit=225%2C225,"['1-2 tablespoons avocado or vegetable oil', '2 1/2 to 3 pounds beef chuck roast, fat trimmed, cut into 3-inch cubes', '2 1/2 teaspoons salt (1 teaspoon per pound of meat, more to taste)', '1 yellow onion, finely diced', '5 cloves garlic, minced', '1 tablespoon brown sugar', '1 tablespoon cumin', '1/4 cup chili powder', 'two 4.5-ounce cans green chiles', 'one 14-ounce can crushed fire roasted tomatoes', 'Green onions', 'Sour cream', 'Cheddar cheese', 'Chips or cornbread']",True,7
194a81fc5a0fb7d586e7d27f,Tuscan Slow Cooker Chicken Thighs,kristineskitchenblog.com,kristineskitchenblog.com,https://kristineskitchenblog.com/tuscan-slow-cooker-chicken-thighs/,4.97,64,0.15,4.6831288290660416,4.819999999999999,4.76100315622676,0.25,theoretical_max_variance,0.030000000000000006,4.48100315622676,0.65,schema_only,,Chicken,,0.0,2026-08-19T04:07:54.568060+00:00,40,0.4745442416915424,6.643710475998249,24,42,0.0,1.0,36,,,,,,,,,0,,False,,26.0,5.557777333511022,0.0,1.0,3.0,,,,B,39.0,-1.0,Raw 4.970; source/category adjustment -0.150; posterior 4.761; uncertainty -0.250 (theoretical_max_variance); evidence -0.030; final 4.481.,https://kristineskitchenblog.com/tuscan-slow-cooker-chicken-thighs/,https://kristineskitchenblog.com/wp-content/uploads/2023/09/slow-cooker-chicken-thighs-24-3.jpg,"['1 tablespoon olive oil', '2 pounds boneless, skinless chicken thighs (about 6 thighs)', '½ cup chopped shallots', '2 cloves garlic (minced)', '1 cup low sodium chicken broth', '1 teaspoon dried Italian seasoning', '¼ teaspoon salt', '¼ teaspoon pepper', '½ cup chopped sun-dried tomatoes', '⅓ cup heavy cream (or coconut milk)', '1 tablespoon cornstarch', '3 cups fresh spinach (chopped)', 'grated Parmesan cheese (optional, for serving)']",True,8
5bd17e4b611c45a412541bd1,Slow Cooker Chicken Quesadillas,allrecipes.com,allrecipes.com,https://www.allrecipes.com/recipe/267953/slow-cooker-chicken-quesadillas/,4.7,55,-0.12614246221012865,4.6831288290660416,4.826142462210129,4.759163764108645,0.25,theoretical_max_variance,0.030000000000000006,4.479163764108645,0.65,schema_only,Proud-Meinke,Chicken,,0.0,2026-08-19T05:02:49.320697+00:00,41,0.4369110805547056,7.8616509433805035,39,63,0.0,0.6666666666666666,36,0.0,0.0,0.0,0.0,0.0,0.0,,,5,2026-08-19T05:02:49.320697+00:00,False,0.0,15.0,10.777754868245983,0.0,1.0,5.0,0.0,0.0,0.0,B,41.0,0.0,Raw 4.700; source/category adjustment +0.126; posterior 4.759; uncertainty -0.250 (theoretical_max_variance); evidence -0.030; final 4.479.,https://www.allrecipes.com/recipe/267953/slow-cooker-chicken-quesadillas/,https://www.allrecipes.com/thmb/glykfCrN1QkkYCxClOV-DdW4rsY=/1500x0/filters:no_upscale():max_bytes(150000):strip_icc()/3265499-ec993e7f12424dcda42738ed557344b1.jpg,"['1 (10 ounce) can red enchilada sauce', '0.25 cup water', '1 (1.25 ounce) package reduced-sodium taco seasoning mix', '2 skinless, boneless chicken breasts', '1 (10 ounce) package 8- to 10-inch flour tortillas', '1 (12 ounce) bag shredded Mexican cheese blend']",True,4
75faa70c9ed709831eda6129,The BEST Turkey Chili Recipe,kristineskitchenblog.com,kristineskitchenblog.com,https://kristineskitchenblog.com/healthy-turkey-chili-recipe-stovetop-slow-cooker-or-instant-pot/,4.97,58,0.15,4.6831288290660416,4.819999999999999,4.757725553794913,0.25,theoretical_max_variance,0.030000000000000006,4.4777255537949125,0.65,schema_only,,Chicken,,0.0,2026-08-19T04:07:54.568060+00:00,42,0.44271585029954713,7.804468093484797,26,48,0.0,1.0,36,,,,,,,,,0,,False,,27.0,6.128258770283412,0.0,1.0,3.0,,,,B,40.0,-2.0,Raw 4.970; source/category adjustment -0.150; posterior 4.758; uncertainty -0.250 (theoretical_max_variance); evidence -0.030; final 4.478.,https://kristineskitchenblog.com/healthy-turkey-chili-recipe-stovetop-slow-cooker-or-instant-pot/,https://kristineskitchenblog.com/wp-content/uploads/2022/12/best-turkey-chili-recipe-54.jpg,"['1 tablespoon olive oil', '1 cup chopped yellow onion', '1 pound ground turkey', '4 cloves garlic (minced)', '1 tablespoon brown sugar', '2 tablespoons chili powder (use 1 tablespoon for less spice)', '1 tablespoon ground cumin', '1 teaspoon dried oregano', '½ teaspoon salt', '¼ teaspoon black pepper', '3 tablespoons tomato paste', '1 ¾ cups low sodium chicken broth (or one 14.5 ounce can)', '28 ounce can fire roasted crushed tomatoes (or fire roasted diced tomatoes)', '15 ounce can kidney beans (rinsed and drained)', '15 ounce can black beans (rinsed and drained)', '15 ounce can pinto beans (rinsed and drained)', 'For topping: shredded cheese, sour cream or plain Greek yogurt, cilantro, chopped onions, etc. (as desired)']",True,19
298c834fc47d07aaa7fabf7a,Slow Cooker Chicken Marsala,diethood.com,diethood.com,https://diethood.com/slow-cooker-chicken-marsala/,4.75,483,0.02784292170643155,4.682978998827803,4.722157078293568,4.718717126877381,0.2122425600938629,theoretical_max_variance,0.030000000000000006,4.476474566783518,0.65,schema_only,,Chicken | Vegetables,,0.0,2026-08-19T04:07:54.568060+00:00,43,0.13490737447558707,40.39870735005707,18,113,0.0,0.5,36,0.0,0.0,0.0,0.0,0.0,0.0,,,0,,False,,18.0,10.074720839804943,0.0,1.0,4.0,0.0,0.0,0.0,B,42.0,-1.0,Raw 4.750; source/category adjustment -0.028; posterior 4.719; uncertainty -0.212 (theoretical_max_variance); evidence -0.030; final 4.476.,https://diethood.com/slow-cooker-chicken-marsala/,https://diethood.com/wp-content/uploads/2019/07/Slow-Cooker-Chicken-Marsala-7.jpg,"['6 (1.5 to 2 pounds, total) boneless, skinless chicken breasts', '1 teaspoon garlic powder', '1 teaspoon dried basil', '1 teaspoon dried thyme', '½ teaspoon sweet paprika', '¾ teaspoons salt (or to taste)', '¼ teaspoon freshly ground black pepper (or to taste)', '1 tablespoon olive oil', '8 ounces mushrooms, (sliced)', '4 cloves garlic (minced)', '1 cup dry marsala wine', '½ cup water', '¼ cup cornstarch', '¼ cup heavy cream', 'chopped fresh parsley (for garnish, optional)']",True,8
863fa9cbb014364a42ffb4f0,Slow Cooker Whole Chicken - Rotisserie Style,downshiftology.com,downshiftology.com,https://downshiftology.com/recipes/slow-cooker-rotisserie-chicken/,4.92,34,0.05972493404557321,4.682978998827803,4.8602750659544265,4.7562346672892994,0.25,theoretical_max_variance,0.030000000000000006,4.476234667289299,0.65,schema_only,Lisa Bryan,Chicken | Vegetables,,0.0,2026-08-19T04:07:54.568060+00:00,44,0.7088557644736458,2.628635049264584,41,48,0.0,1.0,36,,,,,,,,,0,,False,,32.0,4.96655480858378,0.0,1.0,3.0,,,,C,43.0,-1.0,Raw 4.920; source/category adjustment -0.060; posterior 4.756; uncertainty -0.250 (theoretical_max_variance); evidence -0.030; final 4.476.,https://downshiftology.com/recipes/slow-cooker-rotisserie-chicken/,https://i2.wp.com/www.downshiftology.com/wp-content/uploads/2020/01/Slow-Cooker-Rotisserie-Chicken-4.jpg,"['2  large carrots (cut into large chunks)', '1  parsnip (cut into large chunks)', '1/2  onion (cut into wedges)', '1  whole chicken ((4-5 pounds))', '2 tsp paprika', '1 1/2 tsp garlic powder', '1 tsp onion powder', '1 tsp dried thyme', 'salt and pepper (to taste)']",True,5
c911a34cc6788044fb1fbfad,Slow Cooker Short Ribs,diethood.com,diethood.com,https://diethood.com/slow-cooker-short-ribs/,4.85,51,0.02784292170643155,4.687349562095165,4.822157078293568,4.754498720820026,0.25,theoretical_max_variance,0.030000000000000006,4.4744987208200255,0.65,schema_only,,Potatoes | Vegetables | Beef,,0.0,2026-08-19T03:38:50.932867+00:00,45,0.6602489091212255,3.344772040064913,42,51,0.0,0.75,36,,,,,,,,,0,,False,,22.0,9.65336728815391,0.0,1.0,4.0,,,,B,44.0,-1.0,Raw 4.850; source/category adjustment -0.028; posterior 4.754; uncertainty -0.250 (theoretical_max_variance); evidence -0.030; final 4.474.,https://diethood.com/slow-cooker-short-ribs/,https://diethood.com/wp-content/uploads/2021/01/braised-short-ribs-4.jpg,"['3 pounds bone-in beef short ribs', 'salt and freshly ground black pepper (to taste)', '2 tablespoons olive oil', '2 small yellow onions (thinly sliced)', '1 pound baby mushrooms (quartered)', '4 cloves garlic (minced)', '2 cups dry red wine (I use Cabernet Sauvignon)', '2 cups low sodium beef broth', '½ teaspoon dried oregano', '½ teaspoon dried thyme', '½ teaspoon dried rosemary', '½ teaspoon dried marjoram', '2  bay leaves', 'mashed potatoes or mashed cauliflower (for serving)']",True,11
7afe6f6f31a686b1a2eb3dd3,Crockpot Meatloaf Recipe,diethood.com,diethood.com,https://diethood.com/mozzarella-stuffed-crockpot-meatloaf/,4.92,25,0.02784292170643155,4.697851424811114,4.892157078293568,4.754377156895864,0.25,theoretical_max_variance,0.030000000000000006,4.474377156895864,0.65,schema_only,,Beef | Breakfast,,0.0,2026-08-19T03:38:50.932867+00:00,46,0.7253854681129572,2.4986107250941583,43,50,0.0,1.0,36,,,,,,,,,0,,False,,25.0,9.40744386111339,0.0,1.0,4.0,,,,C,48.0,2.0,Raw 4.920; source/category adjustment -0.028; posterior 4.754; uncertainty -0.250 (theoretical_max_variance); evidence -0.030; final 4.474.,https://diethood.com/mozzarella-stuffed-crockpot-meatloaf/,https://diethood.com/wp-content/uploads/2019/05/Mozzarella-Stuffed-Crockpot-Meatloaf-5.jpg,"['1½ pounds 80% to 85% lean ground beef', '1 cup panko breadcrumbs', '1 small yellow onion (shredded (use the large holes on a cheese grater to shred the onion))', '3 cloves garlic (minced)', '1 teaspoon Italian Seasoning', '1 teaspoon salt', '½ teaspoon fresh ground black pepper', '½ teaspoon ground mustard', '1 large egg (lightly beaten)', '½ cup 2% milk', '2 tablespoons Worcestershire Sauce', '8 ounces shredded mozzarella cheese', '⅓ cup barbecue sauce', '2 tablespoons ketchup', '2 tablespoons honey', '1 tablespoon Worcestershire sauce', '1 teaspoon Sriracha sauce', 'chopped fresh parsley (for garnish)']",True,7
2df89762b9273ac40e9500eb,Slow Cooker Chicken Pot Pie,allrecipes.com,allrecipes.com,https://www.allrecipes.com/recipe/269717/slow-cooker-chicken-pot-pie/,4.9,14,-0.12614246221012865,4.682978998827803,5.0,4.754286872028916,0.25,theoretical_max_variance,0.030000000000000006,4.474286872028916,0.65,schema_only,Beverly Buonaugurio,Chicken | Vegetables,,0.0,2026-08-19T05:02:49.320697+00:00,47,0.5972697432834188,4.517712056143266,39,52,0.0,0.75,36,0.0,0.0,0.0,0.0,0.0,0.0,,,5,2026-08-19T05:02:49.320697+00:00,False,0.0,20.0,10.334408546211051,0.0,1.0,5.0,0.0,0.0,0.0,C,45.0,-2.0,Raw 4.900; source/category adjustment +0.126; posterior 4.754; uncertainty -0.250 (theoretical_max_variance); evidence -0.030; final 4.474.,https://www.allrecipes.com/recipe/269717/slow-cooker-chicken-pot-pie/,https://www.allrecipes.com/thmb/lAXqkifLFGCTRuja3jMMZ-PauUo=/1500x0/filters:no_upscale():max_bytes(150000):strip_icc()/269717-slow-cooker-chicken-pot-pie-DDMFS-beauty-4x3-8cc734c88dbc4bfabad40216e5eed293.jpg,"['2 (10.5 ounce) cans condensed cream of chicken soup', '1.5 cups chopped carrots', '1.5 cups chopped celery', '1 medium yellow onion, chopped', '1 cup chicken stock', '0.25 cup chopped fresh parsley', '1 teaspoon paprika', '1 teaspoon dried oregano', '1 teaspoon salt', '1 teaspoon ground black pepper', '2 pounds skinless, boneless chicken breasts', '1.5 cups frozen peas', '1.5 cups frozen corn']",True,4
6234d358ebbeadc0be92aec1,Slow Cooker Leg of Lamb,allrecipes.com,allrecipes.com,https://www.allrecipes.com/recipe/257901/slow-cooker-leg-of-lamb/,4.9,14,-0.12614246221012865,4.682829168589565,5.0,4.754286872028916,0.25,theoretical_max_variance,0.030000000000000006,4.474286872028916,0.65,schema_only,Kristin88,Vegetables,,0.0,2026-08-19T02:35:00.249379+00:00,48,0.6008281502716756,4.517712056143266,40,53,0.0,0.75,36,,,,,,,,,0,,False,,21.0,10.334408546211051,0.0,1.0,5.0,,,,C,46.0,-2.0,Raw 4.900; source/category adjustment +0.126; posterior 4.754; uncertainty -0.250 (theoretical_max_variance); evidence -0.030; final 4.474.,https://www.allrecipes.com/recipe/257901/slow-cooker-leg-of-lamb/,https://www.allrecipes.com/thmb/8yYsdGngqLdvnsK9UgqiLsgOUxM=/1500x0/filters:no_upscale():max_bytes(150000):strip_icc()/6506199-9eb54b9b1b34424bb17f8812b11eda9b.jpg,"['1 small lemon', '5 cloves garlic, minced', '2 tablespoons chopped fresh rosemary', '1 tablespoon chopped fresh thyme', '1 tablespoon chopped fresh parsley', '1 tablespoon olive oil', '1 teaspoon sea salt', '1 teaspoon ground black pepper', '0.25 teaspoon onion powder', '1 (3 pound) leg of lamb', '0.5 cup vegetable broth']",True,3
a0683b115bdf037972197cbc,Rich Chicken Bone Broth,allrecipes.com,allrecipes.com,https://www.allrecipes.com/recipe/275943/slow-cooker-chicken-bone-broth/,5.0,14,-0.12614246221012865,4.703725431744064,5.0,4.754286872028916,0.25,theoretical_max_variance,0.030000000000000006,4.474286872028916,0.65,schema_only,France Cevallos,Chicken | Vegetables | Desserts,,0.0,2026-08-19T05:02:49.320697+00:00,49,0.604324225910696,4.517712056143266,41,54,0.0,0.75,36,0.0,0.0,0.0,0.0,0.0,0.0,,,5,2026-08-19T05:02:49.320697+00:00,False,0.0,16.0,13.72588794941879,0.0,1.0,5.0,0.0,0.0,0.0,C,47.0,-2.0,Raw 5.000; source/category adjustment +0.126; posterior 4.754; uncertainty -0.250 (theoretical_max_variance); evidence -0.030; final 4.474.,https://www.allrecipes.com/recipe/275943/slow-cooker-chicken-bone-broth/,https://www.allrecipes.com/thmb/rLNI-yh_5KDBCpuhnMY-B1O2U98=/1500x0/filters:no_upscale():max_bytes(150000):strip_icc()/275943-slow-cooker-chicken-bone-broth-VAT-Beauty-4x3-9665ad9079654e1eab65ba916cf8fee5.jpg,"['3 pounds assorted chicken bones', '2 unpeeled carrots, cut into chunks', '2 stalks celery with leaves, cut into chunks', '1 onion, unpeeled and quartered', '6 cloves garlic, unpeeled', '2 tablespoons olive oil', '2 tablespoons apple cider vinegar', '2 bay leaves', '1 teaspoon sea salt', '0.5 teaspoon black peppercorns', '12 cups water, or as needed']",True,5
e8ff25807464258829779707,Crockpot Tuscan Chicken With Orzo,therealfooddietitians.com,therealfooddietitians.com,https://therealfooddietitians.com/crockpot-tuscan-chicken/,5.0,33,0.14435568641878505,4.6831288290660416,4.855644313581215,4.75314002600037,0.25,theoretical_max_variance,0.030000000000000006,4.47314002600037,0.65,schema_only,Stacie Hassing,Chicken,,0.0,2026-08-19T04:46:36.227580+00:00,50,0.546266658919484,5.814254514170803,33,51,0.0,0.8333333333333334,36,,,,,,,,,0,,False,,49.0,0.0,0.0,1.0,2.0,,,,C,49.0,-1.0,Raw 5.000; source/category adjustment -0.144; posterior 4.753; uncertainty -0.250 (theoretical_max_variance); evidence -0.030; final 4.473.,https://therealfooddietitians.com/crockpot-tuscan-chicken/,https://therealfooddietitians.com/wp-content/uploads/2025/10/Slow-Cooker-Creamy-Tuscan-Chicken-Orzo-015-225x225.jpg,"['1 lb raw boneless skinless chicken breast or chicken thighs, cubed, about ¾ inch pieces', '1 ¾ cups low-sodium chicken broth, plus more as needed', '¾ cup sun dried tomatoes*', '1 teaspoon garlic powder', '⅓ cup heavy cream, half and half, or whole milk', '1 cup (6 ounces) dry orzo pasta', '2-3 cups fresh baby spinach', '¾ cup shredded or grated Parmesan cheese, plus more for serving', '½ teaspoon salt, plus more to taste', '½ teaspoon black pepper, plus more to taste', '¼ cup chopped fresh basil leaves']",True,5
